sort_no,term,definition,category,example,source_page,difficulty,tags
1,源远流长,源头远，水流长。也比喻历史悠久。,第一组 中华文明传统文化,,1,,
2,连绵不绝,意思是连续而不中断。,第一组 中华文明传统文化,,1,,
3,博大精深,博大：广大。精深：精湛深刻。形容学识、思想、理论广博丰富，精湛深刻。,第一组 中华文明传统文化,,1,,
4,历久弥新,弥：更加。指经历长久的时间而更加鲜活，更加有活力，更显价值。,第一组 中华文明传统文化,,1,,
5,兼容并蓄,并：一起。蓄：积聚，储存。对不同的人或事物都能同时收容保留。,第一组 中华文明传统文化,,1,,
6,一脉相承,下来。比喻人或事物间的传承关系。也作“一脉相传”“一脉相通”。一脉：指一个血统或一个派系。相承：相续传承。由一个血统或一个派别世代相传承袭,第二组 文化传承,,1,,
7,血脉相通,血脉：血统。原指有血缘亲属关系。也比喻极亲近的关系。意思是比喻学问和技艺代代相传。比喻师生授受不绝，或种族、血统、文化精神的传,第二组 文化传承,,1,,
8,薪火相传,承，绵延不尽。,第二组 文化传承,,1,,
9,不绝如缕,绝：断。缕：细线。像一根细线那样，似断非断。也作“不绝若线”。比喻情势危急。,第二组 文化传承,,1,,
10,陈陈相因,粮仓里的米谷一年接一年地堆积起来。比喻沿袭老一套，没有改进。,第二组 文化传承,,1,,
11,口耳相传,口说耳听，递相传授。衣：佛教僧尼穿的袈裟。钵：僧尼化缘盛饭的钵盂。,第二组 文化传承,,1,,
12,衣钵相传,原为佛家语。中国禅宗师父将道法传授给徒弟时常常举行授予衣钵的仪式。现用以比喻一般师徒、父子之间思想、技能、学问的继承和传授。,第二组 文化传承,,1,,
13,后继无人,继：继续，继承。没有继承的人。形容事业缺少接班人。,第二组 文化传承,,1,,
14,难以为继,难以继续下去。,第二组 文化传承,,1,,
15,继往开来,继承前人的事业，开辟未来的道路。,第二组 文化传承,,1,,
16,承上启下,接续上面的，引起下面的。也指青文中连接沟通文字的字句，使文字自然过瘦。,第二组 文化传承,,1,,
17,推陈出新,推去旧的，产生新的。后多指在文化艺术方面去掉旧的糟粕，吸取其精华，创造出新的来。（多形容文化但不绝对,第三组 改革创新,,1,,
18,吐故纳新,纳：使进入，吸入。道家的养生术，吐出浊气，吸进新鲜空气。后多比喻扬弃旧的，吸收新的。（多形容事物在发展中呈现新的面貌）,第三组 改革创新,,1,,
19,革故鼎新,【（多政治角度）革：除去。鼎新：立新。指革除旧的，建立新的。多指改朝换代或重大变革。,第三组 改革创新,,1,,
20,弃旧图新,意思是抛弃旧的，谋求新的。多指由坏的转向好的，离开错误的道路走向正确的道路。,第三组 改革创新,,1,,
21,去芜存菁,意思是除去杂质、保留精华。,第三组 改革创新,,1,,
22,除旧布新,意思是清除旧的，建立新的；以新的代替旧的。强调通过主动干预清除负面因素并弘扬正面价值。,第三组 改革创新,,1,,
23,激浊扬清,侧重点在于“激”与“扬”的联动作用。既包含对浑浊、消极现象的批判与清除，又包含对清澈、积极价值的彰显与推广。,第三组 改革创新,,1,,
24,另辟蹊径,意思是另外开辟一条路。比喻另创一种风格或方法。,第四组 做法、构思创新,,1,,
25,标新立异,标：表明。异：独特，与众不同。原意为表明新颖的义理，提出与众不同的见解。后指故意提出新奇的见解，表示自己与众不同。（主观上故意性；辨析感情色彩）,第四组 做法、构思创新,,1,,
26,与时俱进,时：时间。俱：一起，一同。进：前进。与时间一起前进。指不断进取，永不停滞。,第四组 做法、构思创新,,1,,
27,剑走偏锋,指不走常规，找一些新的、不同以往的办法来解决问题，以求出奇制胜。,第四组 做法、构思创新,,1,,
28,不拘一格,不拘一格指不拘泥于一种规格、方式，比喻打破常规。,第四组 做法、构思创新,,1,,
29,匠心独运,匠心：精巧的心思。具有独到的创造性。多指文学艺术的创作构思。同“独具匠心”“匠心独运”。（侧重文艺创作的心思巧妙,第四组 做法、构思创新,,1,,
30,别出心裁,【侧重想法构思巧妙）心裁：内心的决断。另外想出与众不同的办法、主意。也作“独出心裁”。,第四组 做法、构思创新,,1,,
31,独树一帜,单独树起一面旗帜。比喻创造独特风格，自成一家。同“别树一帜”。（侧重风格）,第四组 做法、构思创新,,2,,
32,自成一家,意思是指在某一方面的学间或技术有独到的见解或独特的做法，能自成体系。,第四组 做法、构思创新,,2,,
33,别开生面,比喻另外开创新的局面或新的形式。,第四组 做法、构思创新,,2,,
34,不落窠白,意为不落俗套，有独创风格。（多用于形容文章或艺术作品）,第四组 做法、构思创新,,2,,
35,墨守成规,形容因循守旧，不肯改变。,第五组 守旧不创新,,2,,
36,抱残守缺,残、缺：不完整。1.固守陈旧残缺的东西不放，形容保守，不知改进。2.保存虽有残缺但仍有价值的古物。,第五组 守旧不创新,,2,,
37,因循守旧,因循：沿用旧办法。指一直沿用旧办法而不加改变。（侧重新与旧）,第五组 守旧不创新,,2,,
38,固步自封,封：限制在一定的范围内。比喻因循守旧，安于现状，不求创新进取。侧重形容开放与封闭）,第五组 守旧不创新,,2,,
39,食古不化,意思是读书、作画一味学习古人，拘泥陈法，不善于灵活运用。指对所学的古代知识理解得不透，不善于按现在的情况来运用。,第五组 守旧不创新,,2,,
40,按图索骥,索：寻找。骥：良马。照着图像去寻找良马。比喻做事死守教条，而不懂得变通。也比喻依据一定的线索去寻找事物。（中性词）,第六组 按规矩办事,,2,,
41,按部就班,部：类别。班：次序。原指写文章按类别安排文义，按顺序组织文辞。后指按照一定的次序或部置进行。（中性词）,第六组 按规矩办事,,2,,
42,循规蹈矩,循：依照。规：圆规。蹈：踩。矩：曲尺。规、矩是定方圆的标准规则，借指行为的准则。原指遵守规矩，不敢违反。后指拘守旧准则，不敢稍作变动。（中性词）,第六组 按规矩办事,,2,,
43,循规拘礼,遵循规则，拘泥礼节。,第六组 按规矩办事,,2,,
44,照本宣科,原指照着书本或讲稿逐字宣读。引申为机械执行既定规则或文本内容，完全依赖书面指示而缺乏实际调整，批评其缺乏创造性。,第六组 按规矩办事,,2,,
45,循序渐进,循：顺，按照。序：次序。指事物的发展或学习工作等按照一定的步骤逐渐深入或提高,第六组 按规矩办事,,2,,
46,有条不素,条：条理。亲：乱。形容办事很有条理。,第六组 按规矩办事,,2,,
47,望而生畏,指看见了就害怕。（侧重情绪上的害怕）,第七组 处境困难,,2,,
48,望而却步,却步：不敢前进，往后退。形容遇到危险、困难或力所不及的事就往后退缩。（侧重行为上退却，多因为害怕、惊讶、震撼、犹豫、顾虑）,第七组 处境困难,,2,,
49,畏葱不前,畏惧退缩，不敢前进。,第七组 处境困难,,2,,
50,进退两难,前进和后退都难。比喻事情无法决定，因而难以行动。,第七组 处境困难,,2,,
51,骑虎难下,骑在虎背上难以下来。比喻事情遇到困难，迫于形势不能中止，陷入进退两难的境地。侧重同一件事已经开始了就难以停止）,第七组 处境困难,,2,,
52,进退维谷,谷：困窘。指前进或后退都处于困难境地。形容进退两难。同“进退两难”“进退失据”。（侧重很难抉择）,第七组 处境困难,,2,,
53,进退失据,同进退维谷。（侧重很难抉择）,第七组 处境困难,,2,,
54,瞻前顾后,多用于形容顾虑太多，犹豫不决。,第七组 处境困难,,2,,
55,踟蹰不前,意思为迟疑不决，不敢前进。,第七组 处境困难,,2,,
56,裹足不前,比喻因心存顾虑而停止行动或不敢向前，与踟蹰不前相比停滞程度更彻底，暗示难以突破。,第七组 处境困难,,2,,
57,举步维艰,抬脚行走十分困难。形容已陷入十分艰难的处境。,第七组 处境困难,,2,,
58,寸步难行,进行活动。（程度较重）寸步：很短的距离。一步也难以行走。形容行走十分困难。也形容陷入困难境地，无法,第七组 处境困难,,2,,
59,难以为继,指难以持续下去。同“难乎为继”。（关于事）,第七组 处境困难,,2,,
60,岌岌可危,岌岌：山高陡峭，就要倒下的样子。形容非常危险，快要倾覆或灭亡。,第八组 形势危险,,3,,
61,危如累卵,比喻形势非常危险，如同堆起来的蛋，随时都有塌下打碎的可能。,第八组 形势危险,,3,,
62,命悬一线,处境危险，随时可能丧失生命。,第八组 形势危险,,3,,
63,奄奄一息,奄奄：呼吸微弱的样子。只剩下一口气。形容临近死亡。,第八组 形势危险,,3,,
64,风雨飘搖,飘摇：飘荡。在风雨中飘荡不定。比喻局势动荡不安，很不稳定。,第八组 形势危险,,3,,
65,危在且夕,旦夕：早晨和晚上，形容时间短。形容危险就在眼前。,第八组 形势危险,,3,,
66,危若朝露,意思是危险得像清早的露水一样，太阳一出就要消失，形容面临灭亡，情况危急。,第八组 形势危险,,3,,
67,层出不穷,层出：接连出现。穷：尽。接连出现，没有穷尽。（主语是事物）,第九组 事物出现、发展、衰落,,3,,
68,风起云涌,形容雄浑磅礴之势；也比喻事物迅速发展，声势浩大。,第九组 事物出现、发展、衰落,,3,,
69,方兴未艾,意思是事物正在发展，尚未达到止境。,第九组 事物出现、发展、衰落,,3,,
70,雨后春笋,春天下雨后竹笋长得又多又快，比喻新生事物大量涌现和蓬勃发展。（侧重数量多）,第九组 事物出现、发展、衰落,,3,,
71,横空出世,形容人或物高大，横在空中，浮出人世，或比喻卓尔不群。（侧重突出、明显）,第九组 事物出现、发展、衰落,,3,,
72,异军突起,异军：另一支军队。比喻一支新生力量突然崛起。（侧重新生事物）,第九组 事物出现、发展、衰落,,3,,
73,应运而生,应运：应天命。指顺应天命而降生。后泛指顺应时机而产生。,第九组 事物出现、发展、衰落,,3,,
74,高歌猛进,意思是高声歌唱，勇猛前进；形容在前进的道路上，充满乐观精神。,第九组 事物出现、发展、衰落,,3,,
75,如火如茶,原比喻军容之盛，现在形容旺盛、热烈或激烈。,第九组 事物出现、发展、衰落,,3,,
76,蒸蒸日上,蒸蒸：热气上升的样子。形容事业一天天地向上发展。常搭配事业、国家、人民生活等，侧重向上）,第九组 事物出现、发展、衰落,,3,,
77,如日中天,像太阳正运行到正午。比喻正发展到最兴盛的阶段。,第九组 事物出现、发展、衰落,,3,,
78,势如破竹,势：形势。破竹：劈开竹子。形势如同劈竹子一样，劈开头上几节，下面各节就顺着刀口裂开了。后用来形容节节胜利，毫无阻碍。,第九组 事物出现、发展、衰落,,3,,
79,突飞猛进,形容发展十分迅速。,第九组 事物出现、发展、衰落,,3,,
80,一日千里,一日千里一天跑一千里。也比喻进步、发展很快。,第九组 事物出现、发展、衰落,,3,,
81,日新月异,•形容发展变化很快，新事物、新气象不断出现。,第九组 事物出现、发展、衰落,,3,,
82,阪上走丸,阪：斜坡；丸：弹丸。指在斜坡上滚弹丸，比喻形势发展迅速或工作进行顺利。,第九组 事物出现、发展、衰落,,3,,
83,日渐式微,事物逐渐地由兴盛而衰落。,第九组 事物出现、发展、衰落,,3,,
84,每況愈下,指情况越来越坏，越来越糟糕。（也可形容身体或精神越来越糟糕）长江大河的水，日夜流向下流而不止。比喻事物日趋衰落，情况一天不如一天。,第九组 事物出现、发展、衰落,,3,,
85,江河日下,（多指国势等事物发展趋势,第九组 事物出现、发展、衰落,,3,,
86,水涨船高,水位上涨，船体也随着上升。比喻事物随着它所凭借的基础而增长。,第九组 事物出现、发展、衰落,,3,,
87,此消彼长,指这个下降，那个上升。,第九组 事物出现、发展、衰落,,3,,
88,波澜壮阔,原形容水面辽阔，现比喻声势雄壮或规模宏大。,第九组 事物出现、发展、衰落,,3,,
89,柳暗花明,垂柳浓密，鲜花夺目。形容柳树成荫，繁花似锦的春天景象。也比喻在困难中遇到转机。,第九组 事物出现、发展、衰落,,3,,
90,拨云见日,拨开乌云见到太阳。比喻冲破黑暗见到光明。也比喻疑团消除，心里顿时明白。,第九组 事物出现、发展、衰落,,3,,
91,相形见绌,形：对照，比较。绌：不够，不足。跟同类的人或同类事物相比较，显出很不足。出：超出。类：同类。拔：高出。萃：指聚在一起的人或物。,第一十组 竟争比较,,3,,
92,出类拔萃,指人的品德才能出众，高出同类之上。【（侧重能力或品德，高于同类）,第一十组 竟争比较,,3,,
93,无与伦比,意思是指事物非常完美，没有能够与它相比的同类的东西。,第一十组 竟争比较,,3,,
94,脱颖而出,颖：细长物体的尖端。比喻才能完全显露出来。（侧重能力）,第一十组 竟争比较,,4,,
95,崭露头角,崭：高出。比喻突出地显露出才能。（侧重能力）,第一十组 竟争比较,,4,,
96,大显身手,显：表露，表现；身手：指本领。充分显示出本领和才能。,第一十组 竟争比较,,4,,
97,望其项背,项：脖子的后部。能够看到别人的颈项和脊背。比喻有能力赶得上。常用于否定句，如：难以～、无法～、不能～）莫：不能。及：到，赶上。指望见前面人马扬起的尘土而追赶不上。比喻远远落在后,第一十组 竟争比较,,4,,
98,望尘莫及,面，相差甚远。也用以表示自谦。,第一十组 竟争比较,,4,,
99,相提并论,把不同的人或不同的事情放在一起谈论或看待。（侧重于评价几个人或事物之间有没有差距/能否比得上。多用于否定句中）,第一十组 竟争比较,,4,,
100,同日而语,指相提并论。（侧重于强调时间上的对比，多形容与自身的比较。现有时也有例外。多用于否定句中）,第一十组 竟争比较,,4,,
101,等量齐观,等：同等。齐：一样。把不同的事物一律同等看待。,第一十组 竟争比较,,4,,
102,一概而论,用同一标准来对待或处理。（多用于否定，如：不能～）,第一十组 竟争比较,,4,,
103,力有未逮,指有意愿却做不到。,第十一组 能力不足,,4,,
104,爱莫能助,爱：爱惜；莫：不。虽然心中关切同情，却没有力量帮助。及：到。原意是鞭子虽长，也不能打马肚子。比喻相隔太远，力量达不到。,第十一组 能力不足,,4,,
105,鞭长莫及,（有时会用于形容“虽有能力，但能力有限”）,第十一组 能力不足,,4,,
106,望洋兴叹,望洋：仰视的样子。仰望海神而兴叹。原指在伟大事物面前感叹自己的渺小。现多比喻做事时因为不胜任或没有条件而感到无可奈何。,第十一组 能力不足,,4,,
107,力不从心,心里想做，可是力量够不上。,第十一组 能力不足,,4,,
108,回天乏术,已无法挽救。回天：比喻力量大，能移转极难挽回的时势；乏术：缺少方法。比喻局势或病情严重，,第十一组 能力不足,,4,,
109,捉襟见肘,【侧重人力、物力等资源有限）捉襟：整理衣襟。肘：胳膊肘儿。形容衣裳破旧。也比喻困难很多，应付不过来。,第十一组 能力不足,,4,,
110,顾此失彼,顾了这个，丢了那个。形容忙乱或慌张的情景。（侧重考虑不周全）,第十一组 能力不足,,4,,
111,左支右绌,支：支持；绌：屈曲，引申为不足。原指弯弓射箭的姿势，左手支持，右手屈曲。指力量不足，应付了这方面，那方面又出了问题。（侧重能力有限，应付不过来）,第十一组 能力不足,,4,,
112,独木难支,一根木头支不住高大的房子。比喻一个人的力量单薄，维持不住全局。,第十一组 能力不足,,4,,
113,应接不暇,【（主语是人，侧重人或事物太多忙不过来）暇：空闲。原指景物很多，顾不上观赏。后形容太繁忙，应付不过来。,第十一组 能力不足,,4,,
114,浮光掠影,浮光：水面上的反光。掠影：一闪而过的影子。比喻因事物很快消逝而使人对它的印象不深。（侧重抽象语境）,第十二组 印象和效果,,4,,
115,走马观花,【侧重于用眼看具体事物的过程，一般不形容读书走马：骑马快跑。比喻观察事物或者了解情况不深入细致。,第十二组 印象和效果,,4,,
116,蜻蜓点水,比喻进行某些动作时只轻轻接触表面。也比喻肤浅不深入。,第十二组 印象和效果,,4,,
117,浅尝辄止,辄：立即，就。只略微尝试一下就停止。比喻做事不求深入。（侧重停止）,第十二组 印象和效果,,4,,
118,囫囵吞枣,囫囵：整个的。把枣子整个吞下。比喻笼统地接受，不加分析、甄别，不求甚解。,第十二组 印象和效果,,4,,
119,不求甚解,去深入理会。甚：很，极。原指读书只领会要旨，不必在一字一句上下功夫。后指只求懂个大概，不,第十二组 印象和效果,,4,,
120,举一反三,反：类推，推论。指举出一件事，就可以触类旁通，类推出许多同类事物来。侧重于具象的事物层面和类推）,第十二组 印象和效果,,4,,
121,融会贯通,融会：融合。贯通：全面透彻地了解。指把各方面的知识、道理融合贯穿，从而获得对事物全面、透彻地理解和领悟。（侧重融合）,第十二组 印象和效果,,4,,
122,触类旁通,触：接触。通：通晓。指掌握了某一事物的规律或知识，就能够以此类推，了解同类的其他事物。（侧重于抽象的思维层面和类推）,第十二组 印象和效果,,4,,
123,相辅相成,辅：辅助，帮助。指两种事物互相辅助，互相促成，缺一不可。,第十三组 搭档配合,,5,,
124,相得益彰,相得：互相投合。益：更加。彰：明显。两个人或两件事相互配合，双方的能力和作用更能显示出来。,第十三组 搭档配合,,5,,
125,锦上添花,指在有彩色花纹的丝织品上再绣上花朵。比喻美上加美，喜上加喜。,第十三组 搭档配合,,5,,
126,珠联壁合,珠联：像珍珠一样串在一起。壁合：像碧玉一样合在一起。原指一种日月重合、五星相联的天相。后多比喻美好的人及事物凑在一起。同“珠连璧合”。（侧重结合）,第十三组 搭档配合,,5,,
127,互为表里,甲为乙的外表，乙为甲的内里；比喻互相依存，互相接受。,第十三组 搭档配合,,5,,
128,交相辉映,各种光亮、色彩相互照耀、映射。常用语形容美好的景象。,第十三组 搭档配合,,5,,
129,相映成趣,映：映衬。趣：意趣。相互衬托着，显得很有情趣，很有意思。意思通常指的是两座高大的山峰彼此对立地耸立着。这个成语不仅用来形容自然界的景,第十三组 搭档配合,,5,,
130,双峰并峙,观，也常用于比喻在某一领域或文化上同时达到极高成就的两个人物或事物。,第十三组 搭档配合,,5,,
131,并行不悖,悖：违反，违背。指同时进行而互相不违背。,第十四组 工作开展顺序,,5,,
132,齐头并进,指几方面同时前进。,第十四组 工作开展顺序,,5,,
133,双管齐下,管：笔管。比喻一件事同时采用两种办法或两件事同时进行。,第十四组 工作开展顺序,,5,,
134,并驾齐驱,并驾：几匹马并排在一起拉车。齐驱：共同快跑。比喻相互之间不相上下。,第十四组 工作开展顺序,,5,,
135,一马当先,策马走在最前面。形容率先、领先。,第十四组 工作开展顺序,,5,,
136,本末倒置,本：树根。末：树梢。比喻把事情的轻重主次颠倒了过来。,第十五组 错误抉择和方向,,5,,
137,舍本逐末,舍：放弃。本：根本。逐：追求。末：枝节。比喻放弃根本，追求末节，轻重主次倒置。,第十五组 错误抉择和方向,,5,,
138,喧宾夺主,喧：吵吵嚷嚷。客人的声音压倒了主人的声音。比喻外来的或次要的事物占据了原有的或主要的事物的位置。,第十五组 错误抉择和方向,,5,,
139,得不偿失,所得到的抵不上所失去的。,第十五组 错误抉择和方向,,5,,
140,因小失大,因：为了。指为了小的利益造成大的损失。,第十五组 错误抉择和方向,,5,,
141,因噎废食,废：停止。比喻因为碰到挫折，连该做的事情也不做了。,第十五组 错误抉择和方向,,5,,
142,背道而驰,背：逆着。道：道路。向着相反的道路奔驰。比喻彼此方向目标完全相反。也比喻背离正确的目标，朝相反的方向走。,第十五组 错误抉择和方向,,5,,
143,南辕北辙,辕：车辕，车前驾牲口的直木。辙：车轮经过留下的痕迹。本要往南边去却驾车向北。比喻行动和目的截然相反。（多形容同一个主语、侧重目标与做法相反）,第十五组 错误抉择和方向,,5,,
144,分道扬镳,道：道路。镳：马嚼子。分开道路，驱马前进。指分道而行。也比喻思想、志趣不同而各人千各人的事。也作“扬镳分路”。,第十五组 错误抉择和方向,,5,,
145,缘木求鱼,缘木：爬树。比喻方向、方法不对，就不可能达到目的。（侧重方法错误）,第十五组 错误抉择和方向,,5,,
146,拔苗助长,比喻违反事物的发展规律，急于求成，反而坏事。也作“揠苗助长”。,第十六组 错误做法（寓言故事）,,5,,
147,越俎代庖,越：超过。俎：古代盛牛羊等祭品的器具。庖：厨师。比喻处理超过自己职权范围的事情。,第十六组 错误做法（寓言故事）,,5,,
148,削足适履,履：鞋。鞋小脚大，把脚削去一块来凑合鞋的大小。比喻不合理地迁就凑合或不顾具体条件，生搬硬套。,第十六组 错误做法（寓言故事）,,5,,
149,闭门造车,关起门来造车。比喻不管客观情况如何，只凭主观办事。（多形容不开放、自我封闭）求：寻找。比喻拘泥、不变通，不懂得根据实际情况处理问题。也比喻徒劳无功，达不,第十六组 错误做法（寓言故事）,,5,,
150,刻舟求剑,到目的。,第十六组 错误做法（寓言故事）,,5,,
151,守株待兔,株：树桩子。比喻心存侥幸，不劳而获。也比喻死守狭隘经验，不知变通。,第十六组 错误做法（寓言故事）,,5,,
152,掩耳盗铃,掩：掩盖，遮盖。比喻自欺欺人。同“掩耳偷铃”。,第十六组 错误做法（寓言故事）,,5,,
153,邯郸学步,比喻一味地模仿别人，不仅没学到本事，反而把原来的本事也丢了。,第十六组 错误做法（寓言故事）,,5,,
154,东施效颦,比喻盲目地胡乱模仿，效果适得其反。,第十六组 错误做法（寓言故事）,,6,,
155,盲人摸象,比喻看问题不全面，以偏概全。（现更多用字面义，形容做一件事毫无头绪地摸索）,第十六组 错误做法（寓言故事）,,6,,
156,与虎谋皮,跟老虎商量取下它的皮来，比喻跟坏人商量要其牺牲自己的利益，是绝对办不到的。,第十六组 错误做法（寓言故事）,,6,,
157,潜移默化,潜：暗中。默：毫无声息。指受到外来影响而在不知不觉中发生变化。（侧重长时间）,第十七组 教育影响批评,,6,,
158,耳濡目染,濡：沾染。因经常听到看到而不知不觉受到影响。同“耳染目濡”“目染耳濡”“目濡耳染”。（侧重身处某种外在环境中）,第十七组 教育影响批评,,6,,
159,如沐春风,感觉。通常用来形容人感到非常舒适和愉悦。它的意思是像沐浴在春风里一样，感受到舒适的,第十七组 教育影响批评,,6,,
160,润物无声,指有大胸怀者，做了贡献而不张扬，默默奉献。（也指文化教育等对人的潜移默化的影响,第十七组 教育影响批评,,6,,
161,成风化人,成风，倡树一种社会风气。化人，感染人、影响人、教育人。通过倡导树立一种社会风气来影响、教育感化社会大众。,第十七组 教育影响批评,,6,,
162,耳提面命,级对下级恳切地教导。“耳提”，提着耳朵叮嘱；“面命”，当面指教，形容教诲殷切。多指长辈对晚辈、上,第十七组 教育影响批评,,6,,
163,苦口婆心,用来形容一个人善意且耐心地反复劝导他人。,第十七组 教育影响批评,,6,,
164,循循善诱,循循：有次序的样子。诱：引导。指善于有步骤地引导别人。多形容教育得法。,第十七组 教育影响批评,,6,,
165,诲人不倦,诲：教诲，教导。教导人时很有耐心而不知疲倦。宜于万物生长的和风，适时的雨。后用来比喻良好的教育。,第十七组 教育影响批评,,6,,
166,春风化雨,多用来称颂师长对学生及晚辈潜移默化的教诲。【（也可用来形容文化或教育等对人的影响）,第十七组 教育影响批评,,6,,
167,和风细雨,意思是比喻耐心地和颜悦色地批评或劝说。,第十七组 教育影响批评,,6,,
168,醍醐灌顶,醍醐：从牛乳中提炼出的纯酥油，佛教比喻最高的佛法。灌：浇。顶：头顶。比喻给人灌输智慧，使人从迷惑中醒悟或彻底觉悟。也比喻舒适畅快。,第十七组 教育影响批评,,6,,
169,振聋发聩,比喻唤醒糊涂麻木之人。,第十七组 教育影响批评,,6,,
170,如履薄冰,履：踩，走过。形容战战兢兢、小心谨慎的样子。,第十八组 工作学习状态,,6,,
171,兢兢业业,原形容畏惧的样子。后多用来形容小心谨慎、不敢懈怠的样子。,第十八组 工作学习状态,,6,,
172,专心致志,致：尽。志：志向，志趣。把心思全部放在上面。形容一心一意，精神集中。,第十八组 工作学习状态,,6,,
173,殚精竭虑,殚：竭尽。用尽精力和心思。,第十八组 工作学习状态,,6,,
174,呕心沥血,呕：吐。沥：滴。形容费尽心思。,第十八组 工作学习状态,,6,,
175,苦心孤诣,苦心：用尽心思。诣：（学业、技能等）所达到的程度。孤诣：别人达不到的程度。指尽心竭力钻研，达到了别人所达不到的地步。也指为了达到目的而费尽心思。,第十八组 工作学习状态,,6,,
176,废寝忘食,顾不上睡觉，忘记了吃饭。形容对某事专心致志。皓：白。穷经：彻底钻研经书。钻研经籍直到人老头白。也作“白首穷经”。,第十八组 工作学习状态,,6,,
177,皓首穷经,（也可形容长期钻研）,第十八组 工作学习状态,,6,,
178,心无旁骛,旁；另外的。骛：追求。心思没有另外的追求，形容心思集中，专心致志。,第十八组 工作学习状态,,6,,
179,乐此不疲,因酷爱干某事而不感觉厌烦。形容对某事特别爱好而沉浸其中。,第十八组 工作学习状态,,6,,
180,聚精会神,形容专心致志，注意力高度集中的样子。,第十八组 工作学习状态,,6,,
181,挖空心思,想方设法，费尽心机。（多含贬义）,第十八组 工作学习状态,,6,,
182,夜以继日,日夜不停地做某事。多形容十分勤奋、勤恳、忙碌。,第十八组 工作学习状态,,6,,
183,焚膏继晷,焚：点燃；膏：灯油或蜡烛；继：接续；晷：日影、日光。意思是点燃灯烛来接替日光照明，形容夜以继日地用功读书或努力工作。,第十八组 工作学习状态,,6,,
184,夙兴夜寐,夙：早。兴：起来。：睡觉。早起晚睡，形容勤奋辛劳。,第十八组 工作学习状态,,6,,
185,目不窥园,窥：看。形容学习专心致志，十分刻苦。,第十八组 工作学习状态,,6,,
186,风餐露宿,在风中吃饭，在露天住宿。形容旅途中的辛苦劳累。筚路：柴车。蓝缕：又旧又破的衣服。意思是驾着柴车穿着破旧衣服去开辟山林。现用,第十八组 工作学习状态,,7,,
187,筚路蓝缕,来形容创业的艰难与辛苦。也作“荜路蓝缕”。（词义有拓展，也可形容事情发展的初期阶段）,第十八组 工作学习状态,,7,,
188,披星戴月,身披星光，头顶月色。形容早出晚归或连夜赶路。也作“披星带月”“戴月披星”。,第十八组 工作学习状态,,7,,
189,栉风沐雨,栉：梳头。沐：洗头。形容人辛苦地四处奔波。,第十八组 工作学习状态,,7,,
190,摩顶放踵,意思是从头顶到脚跟都擦伤了；形容不辞劳苦，不顾身体。,第十八组 工作学习状态,,7,,
191,胼手胝足,意思是手脚生茧。形容劳动十分辛勤。,第十八组 工作学习状态,,7,,
192,孜孜吃吃,意思是勤勉不懈的样子。,第十八组 工作学习状态,,7,,
193,孜孜不倦,孜孜：勤奋的样子。形容勤奋、不知疲倦。,第十八组 工作学习状态,,7,,
194,孜孜以求,孜孜：勤勉的样子。意思是不知疲倦地探求。,第十八组 工作学习状态,,7,,
195,条分缕析,缕：线。一条条分析。形容分析得有条理，很细致。,第十九组 正确做法,,7,,
196,抽丝剥茧,很有层次。意思是丝得一根一根地抽，茧得一层一层地剥；形容分析事物极为细致，而且一步一步,第十九组 正确做法,,7,,
197,深入浅出,指讲话或文章的内容深刻，语言文字却浅显易懂。,第十九组 正确做法,,7,,
198,纲举目张,指提起大网的总绳一撒，所有的网眼就都张开。比喻抓住事物的主要环节，就可带动一切。,第十九组 正确做法,,7,,
199,提纲挈领,意思是抓住事物的关键部分或者核心要点，然后用简洁明了的方式进行概述或表达。,第十九组 正确做法,,7,,
200,以一持万,用来形容抓住了关键的环节或因素，从而能够控制和影响整个局面。它强调的是在处理问题时识别并把握住核心部分的重要性，以此来驾驭复杂的情况或者广泛的领域。,第十九组 正确做法,,7,,
201,博采众长,博采：广泛搜集采纳。从多方面吸取各家的长处。,第十九组 正确做法,,7,,
202,见贤思齐,指见到有才德的人就想着与他齐平,第十九组 正确做法,,7,,
203,量力而行,意思是指根据自身的实际能力和条件来决定行动的范围，做事不要超过自己的能力范围，以免出现意外问题。,第十九组 正确做法,,7,,
204,厚积薄发,厚积：充分积累。薄发：少量地慢慢地释放。形容积累丰富的学问而不轻易表现出来。,第十九组 正确做法,,7,,
205,脚踏实地,比喻做事踏实，认真。,第十九组 正确做法,,7,,
206,当仁不让,（側重情理上）当：面对。仁：符合道义的事。后指遇到应该做的事，勇于承当，不推诿。,第十九组 正确做法,,7,,
207,义不容辞,义：道义。辞：推辞。道义上不容许推辞。指理应接受。（侧重良心、道义上）,第十九组 正确做法,,7,,
208,责无旁贷,责：责任。贷：推卸。指自己应尽的责任，不能推给别人。（侧重责任、职责上）,第十九组 正确做法,,7,,
209,过犹不及,过：过分。不及：不够。事情做得过了头，就跟做得不够一样，都不合适。,第二十组 错误做法,,7,,
210,矫枉过正,矫枉：矫正弯曲。指纠正偏失错误，超过了应有的限度。,第二十组 错误做法,,7,,
211,于事无补,指某种言行对于解决问题没有帮助。,第二十组 错误做法,,7,,
212,欲速不达,指违背规律、一味求快，反而达不到目的。,第二十组 错误做法,,7,,
213,作茧自缚,蚕吐丝作茧，把自己包在里面。比喻自己束缚了自己或使自己陷入困境把开水从锅中舀出来，再倒回去，以阻止锅中的水沸腾。,第二十组 错误做法,,7,,
214,扬汤止沸,比喻不能解决根本问题的做法。,第二十组 错误做法,,7,,
215,隔靴搔痒,比喻说话、做事、写文章不中肯，没有抓住关键。,第二十组 错误做法,,7,,
216,临渊羡鱼,比喻有欲望想得到某种东西，但却没有实际行动。,第二十组 错误做法,,7,,
217,有恃无恐,因有所依仗而毫不害怕。,第二十组 错误做法,,7,,
218,堂而皇之,公然而毫不掩饰，强调表面上的正当性或气势宏大，可能隐含虚伪或掩饰。（多含贬义）,第二十组 错误做法,,7,,
219,明目张胆,强调公开、毫无顾忌地做坏事，带有明显的贬义。,第二十组 错误做法,,7,,
220,画地为牢,牢：牢狱。在地上画个圈儿，作为牢狱。比喻局限在小圈子里活动。,第二十一组 某些国家的错误做法,,8,,
221,以邻为壑,壑：深沟。意为把邻国当成排洪水的沟壑。后用来比喻把困难、灾祸推给别人。（多宏观语境，国家、城市、地区等）,第二十一组 某些国家的错误做法,,8,,
222,穿凿附会,意思是把讲不通的或不相干的道理、事情硬扯在一起进行解释。,第二十一组 某些国家的错误做法,,8,,
223,亦步亦趋,步：走。趋：快走。比喻因缺乏主见，任何事都模仿、追随他人。（侧重行动）,第二十一组 某些国家的错误做法,,8,,
224,唯利是图,唯：只有；图：图谋，追求。只要有利可图，什么事都干。,第二十一组 某些国家的错误做法,,8,,
225,隔岸观火,指站在对岸观望火灾；用来比喻对别人的急难不加救助，而采取看热闹的态度。,第二十一组 某些国家的错误做法,,8,,
226,置身事外,置：安放。把自己放在事情之外。形容毫不关心。,第二十一组 某些国家的错误做法,,8,,
227,袖手旁观,袖手：把手揣在袖子里。比喻置身事外，既不过问，也不协助别人。（侧重从旁边看）原指双方交战，自己站在壁垒上旁观。后多比喻站在一旁看着，不动手帮助。,第二十一组 某些国家的错误做法,,8,,
228,坐收渔利,比喻利用别人的矛盾而从中获利。,第二十一组 某些国家的错误做法,,8,,
229,坐享其成,意思为自己不出力而享受别人取得的成果。,第二十一组 某些国家的错误做法,,8,,
230,竭泽而渔,排尽湖中或池中的水捕鱼。比喻取利只顾眼前，不作长远打算。,第二十一组 某些国家的错误做法,,8,,
231,杀鸡取卵,卵：蛋。为了要得到蛋，不惜把鸡杀了。比喻贪图眼前微小的好处而损害长远的利益。寅、卯：古代用于纪年等的十二地支中的两个，寅在卯之前。寅年吃了卵年的粮食。比,第二十一组 某些国家的错误做法,,8,,
232,寅吃卯粮,喻经济困难，入不敷出。同“寅支卯粮”。侧重由于有困难而提前预支，只顾眼前不顾未来）,第二十一组 某些国家的错误做法,,8,,
233,饮鸠止渴,鸩：毒酒。比喻用有害的方法解决面临的困难，而不顾后果。,第二十一组 某些国家的错误做法,,8,,
234,急功近利,功：成功；近：眼前的。急于求成，贪图眼前的成效和利益。,第二十一组 某些国家的错误做法,,8,,
235,颠沛流离,颠沛：跌倒，比喻困顿，受挫折。流离：流转离散。形容生活困苦，流落异乡，无安身之所。（可指人，也可指物）,第二十二组 国家安定与动荡,,8,,
236,流离失所,失所：失去安身之处。形容到处流浪，没有安身的地方。（多指因灾荒、战乱等导致的失去居所背：离开。井：古制八家为井，这里指家宅。指被迫离开家乡，到外地求生。（也指主动,第二十二组 国家安定与动荡,,8,,
237,背井离乡,离开家乡，到外地生活/工作）,第二十二组 国家安定与动荡,,8,,
238,民不聊生,聊：依靠，依赖。百姓没有办法生活下去。形容生活极端困苦。（多形容整体社会环境）,第二十二组 国家安定与动荡,,8,,
239,安居乐业,安：安定；乐：喜爱，愉快；业：职业。指安定愉快地生活和劳动。,第二十二组 国家安定与动荡,,8,,
240,海晏河清,晏：平静。黄河水清了，大海没有浪了。比喻天下太平。,第二十二组 国家安定与动荡,,8,,
241,安土重迁,土：乡土；重：看得重，不轻易。安于本乡本土，不愿轻易迁移。,第二十二组 国家安定与动荡,,8,,
242,国泰民安,泰：太平。国家太平，人民生活安定。形容社会安定，人民生活幸福。,第二十二组 国家安定与动荡,,8,,
243,休戚与共,休：欢乐，吉庆。戚：忧愁，悲哀。指忧喜祸福彼此共同承担。形容关系密切同甘共苦。,第二十三组 国际国内关系,,8,,
244,休戚相关,。同“休戚与共”。休：喜悦，吉利。戚：忧愁，悲哀。欢乐、忧愁彼此相关联。形容关系密切，利害相关,第二十三组 国际国内关系,,8,,
245,息息相关,息相通”。息：呼吸进出的气息。呼吸时进出的气息相互关连。形容关系或联系非常密切。同“息,第二十三组 国际国内关系,,8,,
246,同舟共济,济：过。同乘一条船过河。比喻齐心协力渡过困难。,第二十三组 国际国内关系,,8,,
247,同心同德,思想统一，信念一致。形容大家团结一条心。,第二十三组 国际国内关系,,8,,
248,和衷共济,齐心协力。衷：内心。和衷：指同心。大家同心渡过江河。比喻同心协力，渡过难关。现也可比喻,第二十三组 国际国内关系,,8,,
249,水乳交融,水和乳汁融合在一起。比喻意气相投、感情融洽。（侧重融合）,第二十三组 国际国内关系,,8,,
250,相濡以沫,濡：沾湿，浸润。沫：唾沫。意为泉水干涸，鱼用唾沫相互湿润。后比喻在困境中用微薄的力量相互帮助。,第二十三组 国际国内关系,,8,,
251,守望相助,守：防守。望：瞭望。指彼此关照，互相帮助。,第二十三组 国际国内关系,,9,,
252,一衣带水,原形容像一条衣带那样狭窄的河流。现比喻仅隔一水，极其邻近。,第二十三组 国际国内关系,,9,,
253,唇齿相依,嘴唇与牙齿互相依存。比喻关系极为密切。,第二十三组 国际国内关系,,9,,
254,以邻为壑,壑：深沟。意为把邻国当成排洪水的沟壑。后用来比喻把困难、灾祸推给别人。（多宏观语境，国家、城市、地区等）,第二十三组 国际国内关系,,9,,
255,波诡云谲,好象云彩和水波那样，形态不可捉摸。,第二十三组 国际国内关系,,9,,
256,风云变幻,风、云：风和云，比喻变幻动荡的局势。变幻：变化不定。像风和云那样变化莫测。比喻局势多变或情况复杂。,第二十三组 国际国内关系,,9,,
257,纵横捭阖,纵横：用游说来联合。捭阖：开合。指在政治、外交上运用手段进行联合或分化。,第二十三组 国际国内关系,,9,,
258,沆瀣一气,泛指臭味相投的人结合在一起。,第二十三组 国际国内关系,,9,,
259,同流合污,原指言行与不良的习俗、世道相合。后指跟坏人一起干坏事。,第二十三组 国际国内关系,,9,,
260,因地制宜,根据不同地方的基本情况，制定相应的办法。,第二十四组 政府优秀做法,,9,,
261,量体裁衣,按身材裁剪衣服。也比与按实际情况办事。,第二十四组 政府优秀做法,,9,,
262,对症下药,医生针对病症开方用药。比喻针对问题所在确定解决方法。,第二十四组 政府优秀做法,,9,,
263,有的放矢,的：箭靶。矢：箭。对着靶子射箭。比喻目的性强，有针对性。,第二十四组 政府优秀做法,,9,,
264,因势利导,因：顺着。势：趋势。利导：引导。指顺着事物的发展趋势而加以引导。（褒义）,第二十四组 政府优秀做法,,9,,
265,保驾护航,保护某事物能让其能正常发展。,第二十四组 政府优秀做法,,9,,
266,穿针引线,使线的一头通过针眼。比喻从中联系、拉拢。,第二十四组 政府优秀做法,,9,,
267,广开言路,广：扩大；言路：进言的道路。指尽量给下面创造发表意见的条件。,第二十四组 政府优秀做法,,9,,
268,集思广益,集：积重。思：想法，智慧。广：扩大。指集中众人的智慧，可以收到更好的效果。形容要求我们讲道德，重操守，严纪律，不谋私，顾大局，淡名利，讲友爱，重团结，,第二十四组 政府优秀做法,,9,,
269,风清气正,多奉献。,第二十四组 政府优秀做法,,9,,
270,正本清源,正本：从根本上整顿；清源：从源头上清理。从根本上整顿，从源头上清理。比喻从根本上加以整顿清理。,第二十四组 政府优秀做法,,9,,
271,开源节流,开发财源，节省支出，以储蓄财力。,第二十五组 合理规划,,9,,
272,降本增效,含义是在企业管理中通过一系列措施来实现成本的降低和效益的增加。,第二十五组 合理规划,,9,,
273,精打细算,意思是精密地计划，详细地计算。指在使用人力、物力时计算得很精细。,第二十五组 合理规划,,9,,
274,细水长流,比喻节约使用财物。也比喻一点一滴不间断地做某件事，精细安排，长远打算。,第二十五组 合理规划,,9,,
275,量入为出,入：收入。根据收入的情况来安排支出。,第二十五组 合理规划,,9,,
276,立竿见影,在阳光下竖起竹竿，立刻就能看到它的影子。比喻效果显著迅速。,第二十五组 合理规划,,9,,
277,一劳永逸,逸：安逸。指辛苦一次把事情办好，以后就不用费力了。,第二十五组 合理规划,,9,,
278,行之有效,之：代词，它，指办法、措施等；效：成效，效果。实行起来有成效。指某种方法或措施已经实行过，证明很有效用。,第二十五组 合理规划,,9,,
279,一蹴而就,蹴：踏；就：成功。踏一步就可以获得成功，比喻事情很容易做。同“一蹴而得”。（多用于否定句中）,第二十六组 政策措施的评价,,9,,
280,一步登天,比喻一下达到很高的境界、程度。也比喻人一下子爬上高位。（多含贬义）,第二十六组 政策措施的评价,,9,,
281,迎刃而解,刃：刀刃。解：分开。把竹子劈开口，下面的一段竹子就迎着刀刃裂开了。比喻主要问题解决了，其他的问题就很容易解决。（常搭配“问题”）,第二十六组 政策措施的评价,,9,,
282,事半功倍,事：所要做的事情，指措施。功：功效。形容费力小，收效大。,第二十六组 政策措施的评价,,9,,
283,釜底抽薪,釜：锅。薪：柴。从锅底下抽出柴火。比喻从根本上解决问题。,第二十六组 政策措施的评价,,9,,
284,标本兼治,标本：事物的枝节和根本。从枝节和根本方面都得到治理。,第二十六组 政策措施的评价,,9,,
285,触手可及,伸手便可接触到。形容距离很近。,第二十七组 成功与失败,,10,,
286,唾手可得,唾手：往手上吐唾沫。比喻极容易得到。,第二十七组 成功与失败,,10,,
287,手到擒来,擒：捉拿。一出手就把人捉住。形容做事毫不费力或很有把握。信手：随手；拈：用两三个手指头捏东西。随手拿来，多指写文章时能自由纯熟地选用,第二十七组 成功与失败,,10,,
288,信手拈来,词语或应用典故、素材，用不着怎么思考。（多用于引用资料、数据、典故等，也可形容做事不费力）,第二十七组 成功与失败,,10,,
289,游刃有余,比喻工作熟练，实际经验很丰富，解决困难问题毫不费事。［近］应付自如。,第二十七组 成功与失败,,10,,
290,束手无策,策：办法。手被捆住，无法应对。形容遇到问题没有解决的办法。,第二十七组 成功与失败,,10,,
291,一筹莫展,筹：计策。展：施展。一点计策也施展不出。形容没有一点办法。,第二十七组 成功与失败,,10,,
292,功亏一篑,篑：盛土的筐，指一筐土。后用来比喻做事情只差最后一点而前功尽弃,第二十七组 成功与失败,,10,,
293,事与愿违,事：事实。愿：心愿，愿望。事实与主观愿望相反。（侧重没达到）,第二十七组 成功与失败,,10,,
294,适得其反,适：恰好。结果与愿望恰好相反。（侧重取得反面结果）,第二十七组 成功与失败,,10,,
295,功败垂成,垂：接近，将要。事情在将要成功的时候失败了。含惋惜意。同“事败垂成,第二十七组 成功与失败,,10,,
296,失之交臂,交臂：胳膊碰胳膊，指擦肩而过。形容当面错过。,第二十七组 成功与失败,,10,,
297,高屋建瓴,建：倾倒。瓴：水瓶。从高屋脊上往下倒瓶中的水。形容居高临下，不可阻挡的形势。,第二十八组领导力,,10,,
298,高瞻远瞩,瞻：望。瞩：注视。登高望远。形容目光远大。（更宏观）,第二十八组领导力,,10,,
299,深谋远虑,计谋深远，考虑周密。,第二十八组领导力,,10,,
300,审时度势,。用来指对形势有洞察力。也作“审时定势”、“审几度势”。审：详查，观察。时：当前情况。度：估计。势：发展趋势。观察时机，估计发展趋势,第二十八组领导力,,10,,
301,运筹帷幄,筹：谋划。帷幄：古代军队中的帐幕。指在帐幕中谋划计策。后指在后方指挥、筹划。,第二十八组领导力,,10,,
302,统筹兼顾,意思是统一筹划，全面照顾。,第二十八组领导力,,10,,
303,身体力行,身：亲身。体：体验。指亲身体验，努力实践。,第二十八组领导力,,10,,
304,亲历亲为,亲自参与，不由别人来代替。,第二十八组领导力,,10,,
305,克己奉公,克己：约束自己；奉公：以公事为重。克制自己的私心，一心为公。,第二十八组领导力,,10,,
306,以身作则,身：自身。则：榜样。自己以行动给大家做出榜样。,第二十八组领导力,,10,,
307,上行下效,行：做。效：效法。指上面的人怎么做，下面的人就跟着怎么干。,第二十八组领导力,,10,,
308,事必躬亲,躬亲：亲自做。凡事都一定要自己亲自去做。,第二十八组领导力,,10,,
309,事无巨细,巨细：大小。事情不分大小。,第二十八组领导力,,10,,
310,一以贯之,指做人做事，按照一个道理，从始至终都不会改变。贯：一直，习惯。,第二十八组领导力,,10,,
311,矢志不渝,（矢：誓；渝：改变）指立下志愿，绝不改变。,第二十八组领导力,,10,,
312,坚定不移,意思是稳定坚强，毫不动摇；不放弃，不改变自己的想法。,第二十八组领导力,,10,,
313,前仆后继,意思是指前面的人倒下了，后面的人继续跟上去。英勇斗争，不怕牺牲,第二十九组 正义精神和做法,,10,,
314,视死如归,把死看得像回家一样平常。形容不怕牺牲生命。,第二十九组 正义精神和做法,,10,,
315,大义凛然,大义：正义。凛然：令人敬畏的样子。形容为了坚持真理而表现出的严峻不可侵犯的样子。,第二十九组 正义精神和做法,,10,,
316,勇往直前,往：去。勇敢地一直前进。,第二十九组 正义精神和做法,,10,,
317,挺身而出,形容面对着艰难或危险的事情，勇敢地站出来。,第二十九组 正义精神和做法,,10,,
318,蹲厉奋发,踔chuo，形容精神振奋，斗志昂扬。,第二十九组 正义精神和做法,,10,,
319,笃行不怠,意思是切实履行自己所学的内容，不感到倦怠。,第二十九组 正义精神和做法,,10,,
320,赓续前行,意思是指不断地延续和发展，保持进步的态度和生活方式。,第二十九组 正义精神和做法,,11,,
321,奋楫争先,意思是奋力划动船桨的人争先恐后走在前头。,第二十九组 正义精神和做法,,11,,
322,砥砺前行,经历磨炼，克服困难，往前进步的意思。也作“砥砺奋进”。,第二十九组 正义精神和做法,,11,,
323,勇毅前行,意思是勇敢并且坚毅地向前进步或发展。原意是作战擂响第一声战鼓时，士气最为高涨，比喻趁劲头大的时候鼓起干劲，一口气,第二十九组 正义精神和做法,,11,,
324,一鼓作气,把工作做完。,第二十九组 正义精神和做法,,11,,
325,好高骛远,骛：通“务”，追求。指不切实际地追求过高、过远的目标。,第三十组 干部易犯错误,,11,,
326,好大喜功,喜欢做大事、立大功。多形容浮夸、不切实际的行为。,第三十组 干部易犯错误,,11,,
327,沽名钓誉,比喻故意矫情做作，用手段猎取名声或赞誉。附庸：依傍，追随；风雅：泛指诗歌。指缺乏文化修养的人为了装点门面而结交文人，,第三十组 干部易犯错误,,11,,
328,附庸风雅,参加有关文化活动，以示自己有一定的文化素养。（装文化人）,第三十组 干部易犯错误,,11,,
329,独善其身,意思是不得志时也要注意自身的修养。后指只顾保持自身修养而不顾他人或全局。（语境要素：个人与外部的对比、保全保护）,第三十组 干部易犯错误,,11,,
330,明哲保身,明哲：聪明有智慧。指聪明有智慧之人，善于趋安避危，保全自身。也指为保全个人利益而回避原则问题的处世态度。,第三十组 干部易犯错误,,11,,
331,虚与委蛇,虚：不真实，假意。与：跟。委蛇：敷衍。指对人虚情假意，敷衍应酬。,第三十组 干部易犯错误,,11,,
332,委曲求全,曲意迁就，以求事成，或保全大局。,第三十组 干部易犯错误,,11,,
333,敷衍塞责,敷衍：马虎应付。塞责：搪塞责任。做事马虎，应付一下以搪塞责任。,第三十组 干部易犯错误,,11,,
334,曲意逢迎,曲意：违背本意。违背自己的本心，千万百计迎合或讨好别人。,第三十组 干部易犯错误,,11,,
335,投其所好,意思是迎合别人的喜好。,第三十组 干部易犯错误,,11,,
336,阿谀奉承,阿谀逢迎”。阿谀：为讨好而说好听的话。奉承：恭维别人。为讨好而说好听的话恭维别人。也作“,第三十组 干部易犯错误,,11,,
337,趋炎附势,趋：奔走；炎：热，比喻权势。奉承和依附有权有势的人。,第三十组 干部易犯错误,,11,,
338,如蚁附膻,附：趋附；膻：羊肉的气味。象蚂蚁趋附羊肉一般。比喻许多臭味相投的人追求不好的事物。也比喻许多人依附有钱有势的人。,第三十组 干部易犯错误,,11,,
339,兴师动众,意思是指大规模出兵。现多指动用很多人力做某件事。,第三十组 干部易犯错误,,11,,
340,劳民伤财,意思是既使人民劳苦，又耗费钱财；现也指滥用人力物力。,第三十组 干部易犯错误,,11,,
341,朝令夕改,早上颁布的政令，晚上就改了。形容政令无常。也形容主张、办法等经常改变。,第三十组 干部易犯错误,,11,,
342,粗枝大叶,意思是比喻工作粗糙，不认真细致，马虎大意。原意是指大行其道，使天下化之。后来这个成语的意思演变成了形容做事情不够谨慎，,第三十组 干部易犯错误,,11,,
343,大而化之,疏忽大意。,第三十组 干部易犯错误,,11,,
344,哗众取宠,用浮夸的言词或做作的行动去迎合群众，以博取好感和支持。,第三十组 干部易犯错误,,11,,
345,重蹈覆辙,蹈：踏上；覆：翻倒；辙：车轮轧出的痕迹。本义为再走翻过车的老路，比喻不吸取失败的教训，重犯以前的错误。,第三十组 干部易犯错误,,11,,
346,从谏如流,谏：直言规劝。听从规劝像流水一样自然。形容乐于接受别人的批评意见。,第三十一组对待错误的态度,,11,,
347,从善如流,人的好意见。从：听从；善：好的，正确的；如流：好像流水向下，形容迅速。形容能迅速地接受别,第三十一组对待错误的态度,,11,,
348,闻过则喜,过：过失；则：就。听到别人批评自己的缺点或错误，表示欢迎和高兴。指虚心接受意见。,第三十一组对待错误的态度,,11,,
349,虚怀若谷,虚：谦虚；谷：山谷。胸怀象山谷一样深广。形容十分谦虚，能容纳别人的意见。,第三十一组对待错误的态度,,11,,
350,文过饰非,文、饰：掩饰；过、非：错误。用漂亮的言词掩饰自己的过失和错误。,第三十一组对待错误的态度,,11,,
351,怙恶不悛,怙：依靠，依仗；悛：改过，悔改。坚持作恶，不肯悔改。,第三十一组对待错误的态度,,11,,
352,欲盖弥彰,盖：遮掩；弥：更加；彰：明显。想掩盖坏事的真相，结果反而更明显地暴露出来。,第三十一组对待错误的态度,,11,,
353,刚愎自用,愎：任性；刚愎：强硬固执；自用：自以为是。十分固执自信，不考虑别人的意见。,第三十一组对待错误的态度,,12,,
354,固执己见,顽固地坚持自己的意见，不肯改变。,第三十一组对待错误的态度,,12,,
355,洗心革面,洗心：指清除坏思想。革面：改变旧面貌。比喻彻底悔改。,第三十二组 改变与不变,,12,,
356,脱胎换骨,原为道教用语。指修道者得道以后，就转凡胎为圣胎，换凡骨为仙骨。现比喻通过教育，思想得到彻底改造。,第三十二组 改变与不变,,12,,
357,改头换面,1.原为佛教语。指众生在轮回中形变神不变。2.指改变面目。3.指改正错误。4.比喻只改变形式，而内容、实质不变。,第三十二组 改变与不变,,12,,
358,一成不变,成：形成。指事物一形成就不再改变。多用于否定句中。,第三十二组 改变与不变,,12,,
359,亘古不变,从古至今永远也不会改变。多褒义,第三十二组 改变与不变,,12,,
360,改弦更张,更：改换；张：给乐器上弦。改换、调整乐器上的弦，使声音和谐。比喻改革制度或变更计划、方法。改弦：更换琴弦。易：改变。辙：车轮压过的痕迹，指道路。比喻改变方向或做法。同,第三十二组 改变与不变,,12,,
361,改弦易辙,“更弦易辙”“改辕易辙”。,第三十二组 改变与不变,,12,,
362,变幻莫测,变幻：没有规则地改变。变化奇特，不可预测。,第三十二组 改变与不变,,12,,
363,瞬息万变,瞬：一眨眼。息：一呼吸。在极短时间里就发生很多变化。形容变化很多很快。,第三十二组 改变与不变,,12,,
364,经久不衰,1.精神饱满的状态，身体健壮的外表，或幼年期到成年期之间的时期的精神特征；青年人的活力或朝气。2.形容某事或某人经历很长时间仍旧保持较高的旺盛状态事例。,第三十二组 改变与不变,,12,,
365,经久不息,经过长时间停不下来。,第三十二组 改变与不变,,12,,
366,长盛不衰,长久兴盛而不衰败，比喻长时间保持旺盛的势头。,第三十二组 改变与不变,,12,,
367,今非昔比,现在不能和过去相比。形容变化大。（多形容现在比过去好）,第三十二组 改变与不变,,12,,
368,天翻地覆,覆：翻过来。形容变化巨大。也形容闹得很凶。,第三十二组 改变与不变,,12,,
369,时过境迁,境：环境。迁：变迁。时间过去了，环境或情况也随之改变了。,第三十二组 改变与不变,,12,,
370,沧海桑田,桑田：种桑树的地。大海变为桑田，桑田变为大海。比喻世事变化非常大。,第三十二组 改变与不变,,12,,
371,斗转星移,斗：北斗星。1.表示一夜之间时间的推移。后也指岁月流逝。,第三十二组 改变与不变,,12,,
372,白云苍狗,苍：青色，泛指青黑色。比喻世事变化无常。也作“白衣苍狗”。,第三十二组 改变与不变,,12,,
373,恍如隔世,恍：仿佛；世：三十年为一世。仿佛隔了一个时代。因人事或景物变化大引起的感触。,第三十二组 改变与不变,,12,,
374,根深蒂固,蒂：草木之根。比喻基础稳固。（中性，侧重深）,第三十二组 改变与不变,,12,,
375,积习难改,积习：指多年养成的习惯。长期形成的某种习惯，很难改变。积：积习。返：返回，回头。积习深重，难以改变。多指长期存在的恶习，弊端已经发,第三十二组 改变与不变,,12,,
376,积重难返,展到了难以革除的地步。（侧重时间久）,第三十二组 改变与不变,,12,,
377,顺势而为,顺应形势做事情。,第三十三组 顺势造势,,12,,
378,大势所趋,大势：整个局势。趋：趋向。整个局势发展的方向。,第三十三组 顺势造势,,12,,
379,势在必行,势：形势。客观形势决定必须这样做。,第三十三组 顺势造势,,12,,
380,随波逐流,随：跟着。逐：追赶。随着波浪起伏，跟着流水漂荡。比喻自己没有主见，只是随着别人走。同“随波逐浪”,第三十三组 顺势造势,,12,,
381,因陋就简,指在条件有限的情况下，利用现有简陋条件将就办事，强调适应环境而非追求完善。该成语褒贬取决于“简”的合理性一灵活务实则褒，降低标准则贬。,第三十三组 顺势造势,,12,,
382,推波助澜,澜：大的波浪。比喻推动、助长事物的声势及发展。（中性词）,第三十三组 顺势造势,,12,,
383,顺水推舟,舟：船。顺着水流的方向推船。比喻顺应某个趋势说话办事。,第三十三组 顺势造势,,12,,
384,理所当然,指从道理上讲，应该如此。,第三十四组 自然会发生,,12,,
385,顺理成章,意思是写文章、做事情顺着条理就能做好。比喻随着某种情况的发展而自然产生的结果,第三十四组 自然会发生,,12,,
386,天经地义,指天地间理所当然而不能改变的道理；也指理所当然，不容置疑的间题,第三十四组 自然会发生,,13,,
387,水到渠成,意思是当水流到某处时，自然会形成一条水道。这个成语用来比喻当条件成熟时，事情会自然成功，并不需要强求。,第三十四组 自然会发生,,13,,
388,自然而然,意思是自由发展，必然这样。指非人力干预而自然如此。,第三十四组 自然会发生,,13,,
389,顺其自然,意思是顺着事物本来的性质自然发展。,第三十四组 自然会发生,,13,,
390,未雨绸缪,绸缪：缠绕，引申指修缮。比喻事先做好防备工作。,第三十五组 提早准备和补救,,13,,
391,常备不懈,意思是时刻准备着，毫不松懈。,第三十五组 提早准备和补救,,13,,
392,防患未然,患：灾祸。未然：没有这样，指没有发生。在祸患还没有发生之前就进行防备。,第三十五组 提早准备和补救,,13,,
393,防微杜渐,微：细小，指事物的苗头。杜：杜绝，堵塞。渐：事物的开头。指在不良的事物刚刚露出苗头时，就加以制止和杜绝，不让它发展下去。,第三十五组 提早准备和补救,,13,,
394,居安思危,处在安定的环境时而能想到可能会出现的危难。,第三十五组 提早准备和补救,,13,,
395,有备无患,指事先有准备，才可以避免祸患。,第三十五组 提早准备和补救,,13,,
396,曲突徙薪,原义是把烟囱改建成弯的，把灶旁的柴草搬走；比喻事先采取措施，才能防止灾祸；在句子中可充当作谓语、定语。,第三十五组 提早准备和补救,,13,,
397,高枕无忧,垫高枕头睡觉，无所忧虑。,第三十五组 提早准备和补救,,13,,
398,临渴掘井,临；接近。感到口渴才挖井。比喻平时没有准备，事到临头才想办法。,第三十五组 提早准备和补救,,13,,
399,江心补漏,指船到江心才补漏洞。比喻临到紧急关头才设法补救，为时已晚。偏正式结构；在句中一般作谓语、定语。,第三十五组 提早准备和补救,,13,,
400,亡羊补牢,意指丢失了再去修补羊圈，还不算晚。后用来比喻出了问题以后及时想法补救，以免继续受损失。也指出了问题才想法补救，已经太晚了。,第三十五组 提早准备和补救,,13,,
401,尾大不掉,驭的现象。掉：摇动，摆动。比喻属下势力强大，不服从指挥调度。也比喻事情前轻后重，难以驾,第三十六组 办公、管理相关,,13,,
402,各行其是,指各人按照自己认为正确的去做。,第三十六组 办公、管理相关,,13,,
403,各自为政,各人按自己的主张办事。（多用来形容工作，单位之间、部门之间）,第三十六组 办公、管理相关,,13,,
404,人浮于事,意思是原指任事人的职位高于所得俸禄的等级。人浮于食，后作人浮于事，指人员的数目超过工作的需要。,第三十六组 办公、管理相关,,13,,
405,投闲置散,投：置放。放在闲散的位置上。指不被重用。,第三十六组 办公、管理相关,,13,,
406,如鱼得水,好像鱼得到水一样。比喻得到跟自己非常投合的人或对自己很适合的环境。,第三十六组 办公、管理相关,,13,,
407,面面俱到,各方面都照顾得很周到。也指不仅各方面都照顾到，而且每一个方面都处理得很得当。,第三十六组 办公、管理相关,,13,,
408,独当一面,意思是指单独负责一个方面的工作或任务。,第三十六组 办公、管理相关,,13,,
409,纸上谈兵,兵：用兵之道。比喻空谈理论，不能解决实际问题。（侧重只有理论而没有行动）,第三十七组 空谈与虚幻,,13,,
410,无根之木,意思是比喻没有根据或基础的事物。,第三十七组 空谈与虚幻,,13,,
411,坐而论道,意思是坐着空谈大道理。指口头说说，不见行动。,第三十七组 空谈与虚幻,,13,,
412,水中捞月,指在水中捞月亮；比喻去做根本做不到的事情，只能徒劳无功。含贬义,第三十七组 空谈与虚幻,,13,,
413,画饼充饥,画个饼子来解饿。本比喻徒有虚名而于实际无好处。后多用来比喻以空想来安慰自己。,第三十七组 空谈与虚幻,,13,,
414,空中楼阁,悬在空中的楼阁。比喻崇高通达。后多用来比喻虚构的事物或脱离实际的空想。,第三十七组 空谈与虚幻,,13,,
415,镜花水月,镜子里的花，水里的月亮。比喻虚幻的东西。,第三十七组 空谈与虚幻,,13,,
416,海市蜃楼,比喻虚无缥缈而不实际存在的事物，也比喻不可企及的虚无的梦想。,第三十七组 空谈与虚幻,,13,,
417,接踵而至,意思是指人们前脚跟着后脚，接连不断地来，形容人接连而来或事情持续发生。,第三十八组 来者众多,,13,,
418,络绎不绝,络绎：前后相接、连续不断的样子。形容车船人马等前后相接，往来不断。,第三十八组 来者众多,,13,,
419,纷至沓来,纷：众多。沓：又多又重复。形容连续不断地纷纷到来。,第三十八组 来者众多,,14,,
420,蜂拥而至,像一窝蜂似地一拥而来。形容很多人乱哄哄地朝一个地方聚拢。,第三十八组 来者众多,,14,,
421,门庭若市,人很多。门庭：门口和庭院。若：如，好像。门口和庭院就像集市一样，热闹非凡。形容往来的,第三十八组 来者众多,,14,,
422,无人间津,津：渡口。没有人来询问渡口。比喻没人过问、受到冷落。（形容某事物受冷落、无人理睬。程度较重）,第三十八组 来者众多,,14,,
423,门庭冷落,形容十分冷落，宾客稀少。,第三十八组 来者众多,,14,,
424,门可罗雀,罗：张网捕捉。大门之前可以张起网来捕麻雀。形容十分冷落，宾客稀少。,第三十八组 来者众多,,14,,
425,人迹罕至,罕：少。指偏僻荒凉、少有人到的地方。（侧重偏僻荒凉）,第三十八组 来者众多,,14,,
426,不期而遇,没约定而意外相遇。,第三十八组 来者众多,,14,,
427,萍水相逢,比喻从不认识的人偶然相遇。,第三十八组 来者众多,,14,,
428,不期而至,指事先没有约定而意外到来，没有预料地到来。,第三十八组 来者众多,,14,,
429,如影随形,好像影子总是跟着身体一样。比喻两个人关系亲密，常在一起。,第三十八组 来者众多,,14,,
430,熙熙攘攘,熙熙：和乐的样子。攘攘：乱纷纷的样子。形容人来人往，纷杂拥挤。,第三十九组 热闹与孤独,,14,,
431,人头攒动,人海高。原指人很多，且频繁的在移动。一般用于形容某些地方人口密度较大，但程度不如人山,第三十九组 热闹与孤独,,14,,
432,人山人海,形容聚集的人非常多。,第三十九组 热闹与孤独,,14,,
433,车水马龙,车像流水，马如游龙。形容车马来来往往的热闹景象。同“马龙车水”,第三十九组 热闹与孤独,,14,,
434,川流不息,形容行人、车马很多，像水流一样连续不断。,第三十九组 热闹与孤独,,14,,
435,万人空巷,等盛况。空巷：街道里弄里的人全部走空。指家家户户的人都从巷里出来了。多形容庆祝、欢迎,第三十九组 热闹与孤独,,14,,
436,子然一身,子然：孤单的样子。指孤身一人。（常用褒义，形容追寻事业或理想）,第三十九组 热闹与孤独,,14,,
437,茕茕子立,茕茕：孤单，无依靠。子立：孤立。形容一个人孤苦伶仃，无依无靠。,第三十九组 热闹与孤独,,14,,
438,形影相吊,吊：慰间。只有自己的身体和影子相互慰问。形容无依无靠，非常孤单。,第三十九组 热闹与孤独,,14,,
439,形单影只,只：指单独。形容孤独，没有伴侣。,第三十九组 热闹与孤独,,14,,
440,参差不齐,参差：高低、大小不齐的样子。形容不一致、有差别。（多搭配水平、质量、进展等）,第四十组 好坏掺杂,,14,,
441,泥沙俱下,俱：都。泥土和沙子一同随水冲了下来。比喻人或事物好坏混杂在一起。【侧重量大且好坏都有）,第四十组 好坏掺杂,,14,,
442,良莠不齐,（现在用法不止形容人，也可形容事物）莠：狗尾草，比喻坏人。指好人、坏人混在一起。同“良莠不一”。,第四十组 好坏掺杂,,14,,
443,鱼龙混杂,比喻坏人和好人混在一起。同“龙蛇混杂”。（现在用法不止形容人，也可形容事物）,第四十组 好坏掺杂,,14,,
444,鱼目混珠,用鱼眼睛假冒珍珠。比喻以假乱真。（也可指以次充好）,第四十组 好坏掺杂,,14,,
445,滥竽充数,。也比喻以次充好。（可用于自谦滥：失实，不真实。竽：一种簧管乐器。比喻没有真实本领的人，混在行家队伍里充数,第四十组 好坏掺杂,,14,,
446,买椟还珠,椟：木匣子。还：退还。比喻没有眼光，不识货，取舍失当。,第四十组 好坏掺杂,,14,,
447,蔚然成风,蔚然：草木茂盛的样子。形容一种事物逐渐发展流行，形成风气。（多含褒义）,第四十一组 流行与名声,,14,,
448,风靡一时,靡：倒下。风靡：风一吹就随之倒下。形容某一种事物在一个时期内非常流行。（中性）,第四十一组 流行与名声,,14,,
449,如雷贯耳,形容人的名声很大。,第四十一组 流行与名声,,14,,
450,炙手可热,炙：烤。手一靠近就感觉很烫，比喻气焰盛，权势大。,第四十一组 流行与名声,,14,,
451,名噪一时,意思是一时名声很大。指名声传扬于一个时期。,第四十一组 流行与名声,,14,,
452,闻名遐迩,形容名声很大，主要指远近闻名。,第四十一组 流行与名声,,15,,
453,靡然成风,指相互跟风，群起效尤而成风气，贬义词，多指不好的风气。,第四十一组 流行与名声,,15,,
454,大行其道,新潮事物流行成为一种风尚。（中性，多贬义）,第四十一组 流行与名声,,15,,
455,甚嚣尘上,甚：很。嚣：喧闹。尘上：尘土飞扬。形容对某事议论纷纷。（中性，多贬义）,第四十一组 流行与名声,,15,,
456,煊赫一时,意思是在一段时期内名声威势很盛，含贬意。,第四十一组 流行与名声,,15,,
457,过江之鲫,比喻某种事物非常流行或时兴，数量众多，并且往往带有盲目跟风的意味。,第四十一组 流行与名声,,15,,
458,趋之若鹜,鹜：鸭子。像鸭子一样成群地跑过去。比喻很多人争相追逐、趋附。含贬义。,第四十一组 流行与名声,,15,,
459,声名鹊起,鹊起：喻指名声大作。形容名声迅速提高。,第四十一组 流行与名声,,15,,
460,名声大噪,名声广泛地传播开去。噪：传扬。,第四十一组 流行与名声,,15,,
461,以讹传讹,把本来就不正确的话又错误地传出去，结果越传越错。,第四十二组 与传播、传闻相关,,15,,
462,无孔不入,比喻见空子就钻；利用一切漏洞或机会。（多指做坏事）,第四十二组 与传播、传闻相关,,15,,
463,铺天盖地,形容来势猛，声势大，到处都是。,第四十二组 与传播、传闻相关,,15,,
464,道听途说,途：道路。在路上听来的话，又在路上向人传播。指没有根据的传言。,第四十二组 与传播、传闻相关,,15,,
465,街谈巷议,指人们在街头巷尾闲谈议论。也指街头巷尾人们的议论。,第四十二组 与传播、传闻相关,,15,,
466,稗官野史,稗官：古代专门给帝王讲述街谈巷议、风俗故事的小官，后作为小说的代称。野史：私家记载的逸闻琐事之作。后用来称小说及不见经传的逸闻琐事的著述。,第四十二组 与传播、传闻相关,,15,,
467,逸闻轶事,指世人不大知道而感兴趣的传闻和故事。,第四十二组 与传播、传闻相关,,15,,
468,脍炙人口,所喜爱和传诵。脍：切得很细的肉。炙：烤熟的肉。美味的食品人人爱吃。比喻好的诗文或事物为众人,第四十二组 与传播、传闻相关,,15,,
469,津津乐道,指很有兴趣地谈论。,第四十二组 与传播、传闻相关,,15,,
470,喜闻乐见,意思是喜欢听，乐意看。形容很受欢迎。,第四十二组 与传播、传闻相关,,15,,
471,深入人心,指思想、理论等广泛地得到人们的理解和接受。,第四十二组 与传播、传闻相关,,15,,
472,灰飞烟灭,比喻人或事物迅即消失。,第四十三组 与消失、重现相关,,15,,
473,化为乌有,乌有：虚幻，不存在。指变得什么都没有。,第四十三组 与消失、重现相关,,15,,
474,子虚乌有,指假设的、不存在的事情。,第四十三组 与消失、重现相关,,15,,
475,稍纵即逝,纵：放松。逝：消失。稍微一放松就消失了。形容时间或机会很容易丢失。,第四十三组 与消失、重现相关,,15,,
476,昙花一现,比喻人或事物存在的时间很短，刚一出现就迅速消失了。,第四十三组 与消失、重现相关,,15,,
477,销声匿迹,销声：消除声音。匿迹：隐匿踪迹。指隐藏起来或不公开露面。同“消声匿迹”“匿迹销声”。,第四十三组 与消失、重现相关,,15,,
478,烟消云散,比喻事物全部消失。同“烟消雾散”。,第四十三组 与消失、重现相关,,15,,
479,偃旗息鼓,偃：放倒。息：停息。放倒旗帜，停止击鼓，指军队为不暴露目标而隐蔽行动或停止作战。后也比喻事情中止。也作“掩旗息鼓”。,第四十三组 与消失、重现相关,,15,,
480,无影无踪,没有一点踪影。形容完全消失，不知去向。,第四十三组 与消失、重现相关,,15,,
481,死灰复燃,死灰：冷却了的灰。燃：烧。冷却的灰又重新烧起来。比喻失势的人又重新得势。也比喻已经消亡的事物又重新活动起来。多含贬义。,第四十三组 与消失、重现相关,,15,,
482,卷土重来,卷士：卷起尘土。形容人马奔跑之状。比喻失败以后又重新恢复势力；也比喻消失了的人或事物重新出现。（中性，多贬义）,第四十三组 与消失、重现相关,,15,,
483,沉渣泛起,渣：渣滓。泛：浮。已经沉到水底的渣滓又漂浮了起来。比喻已经绝迹了的腐朽、陈旧事物又重新出现。（贬义）,第四十三组 与消失、重现相关,,15,,
484,土崩瓦解,瓦破碎一样，不可收拾。比喻彻底垮台。瓦解：制瓦时先把陶土制成圆筒形，分解为四，即成瓦，比喻事物的分裂。象土崩塌，,第四十三组 与消失、重现相关,,15,,
485,分崩离析,分：分开。崩：倒塌。离析：离散。形容家庭、集团、组织或国家分裂瓦解。,第四十三组 与消失、重现相关,,15,,
486,毋庸置疑,毋：无。庸：用。置疑：怀疑。用不着怀疑。,第四十四组 明显、含糊相关,,16,,
487,显而易见,事情或道理非常明显，极容易看清楚。,第四十四组 明显、含糊相关,,16,,
488,不言而喻,喻：明白。不用说什么就能明白。也作“不言自明”。,第四十四组 明显、含糊相关,,16,,
489,昭然若揭,昭然：明显、显著的样子。揭：原意为高举，现也指揭开。意思是形容真相毕露，所有-切都已显现了出来。,第四十四组 明显、含糊相关,,16,,
490,彰明较著,形容极其明显，很容易看清楚。,第四十四组 明显、含糊相关,,16,,
491,有目共睹,形容人人都可以看到，极其明显。,第四十四组 明显、含糊相关,,16,,
492,一目了然,一眼就看得很清楚。形容事物、事情原委很清晰，一看就知道是怎么回事。,第四十四组 明显、含糊相关,,16,,
493,大张旗鼓,形容进攻的声势和规模很大；也形容群众活动声势和规模很大。,第四十四组 明显、含糊相关,,16,,
494,语焉不详,是指虽然提到了，但说得不详细。,第四十四组 明显、含糊相关,,16,,
495,讳莫如深,原意为事件重大，讳而不言。后指把事情隐瞒得很紧。,第四十四组 明显、含糊相关,,16,,
496,暗度陈仓,意思是指暗中进行某种活动。,第四十四组 明显、含糊相关,,16,,
497,不露声色,意思是心里面的计划或者想法并不通过言语和面部表情直接表现出来。,第四十四组 明显、含糊相关,,16,,
498,闪烁其词,指说话故意含糊其辞、回避真相或要害问题，带有遮掩或推诿的意味。,第四十四组 明显、含糊相关,,16,,
499,视而不见,睁着眼睛看，却什么也没看见。指不注意，不重视。也指不理睬，看见了当作没看见。常与“听而不闻”连用。,第四十五组 重视、重要相关,,16,,
500,置若罔闻,置：放，指放在一边。若：好像。罔：没有。放在一边，好像没有听到。指不加理睬。,第四十五组 重视、重要相关,,16,,
501,熟视无睹,熟视：细看，经常看。睹：看见。看惯了就像没看见一样。也指对眼前的事物或现象漠不关心。,第四十五组 重视、重要相关,,16,,
502,闭目塞听,塞：堵塞。闭着眼睛，堵住耳朵。指不与外界接触，脱离实际。,第四十五组 重视、重要相关,,16,,
503,充耳不闻,（主观上故意或不重视充：塞住。形容故意不听别人的话。也形容对某些事漠不关心。也作“听而不闻”。,第四十五组 重视、重要相关,,16,,
504,置之不理,置：放置。理：理睬。指放在一边而不予理睬。也作“置之不顾”。,第四十五组 重视、重要相关,,16,,
505,嗤之以鼻,嗤：讥笑。用鼻子发出笑声，表示轻蔑，不以为然。,第四十五组 重视、重要相关,,16,,
506,视如敝屣,敝屣：破鞋子。像破烂鞋子一样看待。比喻非常轻视。,第四十五组 重视、重要相关,,16,,
507,不屑一顾,不屑：认为不值得。顾：回头看。不值得一看，表示轻视、看不起。,第四十五组 重视、重要相关,,16,,
508,束之高阁,（多形容有价值的东西）阁：放东西的架子。把东西捆绑起来，放在高高的架子上。比喻弃置不用。,第四十五组 重视、重要相关,,16,,
509,爱不释手,释：放下。喜爱得舍不得放手。,第四十五组 重视、重要相关,,16,,
510,手不释卷,迷卷：古代指抄写的卷帙，即书籍。手中一直拿着书籍片刻不放。形容勤勉好学或读书入,第四十五组 重视、重要相关,,16,,
511,视若珍宝,形容十分珍爱，将其当成无价之宝。,第四十五组 重视、重要相关,,16,,
512,奉为圭臬,奉：信奉，尊奉。圭臬：古代用以测日影的仪器，比喻法度或准则。指把某些事物或言论尊奉为准则。,第四十五组 重视、重要相关,,16,,
513,举足轻重,形容有实力，地位重要，能左右局势的发展。,第四十五组 重视、重要相关,,16,,
514,无足轻重,没有它并不轻些，有它也并不重些。指无关紧要。末节：小事情，小节。细小的树枝，微末的环节。比喻事情或问题的细小而无关紧要的,第四十五组 重视、重要相关,,16,,
515,细枝末节,部分。,第四十五组 重视、重要相关,,16,,
516,驾轻就熟,比喻对所做的事情熟悉，办起来容易。,第四十六组 熟悉、了解、知晓相关,,16,,
517,轻车熟路,轻车：负载轻的车子。驾着负载很轻的车子，走熟悉的道路。比喻事情又轻松又熟悉，办起来很容易。,第四十六组 熟悉、了解、知晓相关,,16,,
518,了如指掌,人看一样。了：明了，明白。指掌：指着手掌。指对事物的了解非常清楚，像把东西放在手掌里让,第四十六组 熟悉、了解、知晓相关,,17,,
519,耳熟能详,详：详细地说出来。指听得多了，也就能详尽地讲述出来。,第四十六组 熟悉、了解、知晓相关,,17,,
520,如数家珍,家珍：家中收藏的珍宝。如同数自己家藏的珍宝那样清楚。形容对所讲述的东西非常熟悉。,第四十六组 熟悉、了解、知晓相关,,17,,
521,烂熟于心,烂：程度很深。心中有数，十分熟悉,第四十六组 熟悉、了解、知晓相关,,17,,
522,人尽皆知,一定范围内的人都知道了。也就是说大家都知道了。,第四十六组 熟悉、了解、知晓相关,,17,,
523,妇孺皆知,孺：小孩。妇女、小孩全都知道。指众所周知。,第四十六组 熟悉、了解、知晓相关,,17,,
524,家喻户晓,喻：知道，明白。家家户户都知道。形容人人皆知。,第四十六组 熟悉、了解、知晓相关,,17,,
525,一无所知,意思是什么也不知道。,第四十六组 熟悉、了解、知晓相关,,17,,
526,不甚了了,意思是指心里不太明白，不是很清楚。,第四十六组 熟悉、了解、知晓相关,,17,,
527,默默无闻,意思是指做事无声无息，无人知晓，做了好事不声张，不图名利，没人知道。,第四十六组 熟悉、了解、知晓相关,,17,,
528,鲜为人知,鲜：少。为：被。知：知道。很少有人知道。,第四十六组 熟悉、了解、知晓相关,,17,,
529,匪夷所思,形容人的思想、言谈、技艺、事情等离奇，超出寻常，指行为举止离奇古怪，超出常情，不是一般人根据常理所能想象的。,第四十六组 熟悉、了解、知晓相关,,17,,
530,不可思议,原有神秘奥妙的意思，是佛教用语。现多指无法想象，难以理解。,第四十六组 熟悉、了解、知晓相关,,17,,
531,司空见惯,原指司空看惯了某事以为平淡；后比喻常见之事；不足为奇。,第四十七组 很常见不奇怪,,17,,
532,屡见不鲜,鲜：新鲜。经常见到，并不新鲜。同“数见不鲜”。,第四十七组 很常见不奇怪,,17,,
533,不足为奇,不值得奇怪。指某些现象或事物很平常，没有什么特别的。,第四十七组 很常见不奇怪,,17,,
534,习以为常,常做某种事情或常见某种现象，成了习惯，就觉得很平常了。,第四十七组 很常见不奇怪,,17,,
535,不足为奇,不值得奇怪。指某些现象或事物很平常，没有什么特别的。,第四十七组 很常见不奇怪,,17,,
536,见怪不怪,看到奇异的事物，镇定自若，不大惊小怪。,第四十七组 很常见不奇怪,,17,,
537,无独有偶,意思是虽然罕见，但是不止一个，还有可以配对的，表示两件事或两个人十分相似。,第四十七组 很常见不奇怪,,17,,
538,习焉不察,察不到其中存在的问题。习：习惯；焉：语气词，有“于此”的意思；察：觉察。指经常接触某种事物，反而觉,第四十七组 很常见不奇怪,,17,,
539,各持己见,持：抓住不放。各人都坚持自己的意见。,第四十八组 看法一致与否,,17,,
540,众说纷纭,（前面可加主语，也可不加主语；有时可做形容词，侧重观点多）纷纭：多而姑乱。人多嘴杂，议论纷纷。,第四十八组 看法一致与否,,17,,
541,莫衷一是,莫：不能。衷：折衷，判断。是：对。不能断定哪个对，哪个不对。也指意见纷纭，分歧很大，不能得出一致的结论，侧重观点难以统一。,第四十八组 看法一致与否,,17,,
542,不置可否,置：搁置，安放；可否：可以不可以。不说可以，也不说不可以。指不表明自己的态度。,第四十八组 看法一致与否,,17,,
543,模棱两可,确的主张。模棱：含糊，不明确；两可：可以这样，也可以那样。指不表示明确的态度，或没有明,第四十八组 看法一致与否,,17,,
544,针锋相对,意思是针尖对锋芒。比喻双方在策略、论点及行动方式等方面尖锐对立,第四十八组 看法一致与否,,17,,
545,各执一词,指不同的人或群体持有不同的说法或观点，且这些观点往往相互对立，强调多方观点的对立与争论。核心在于展现不同立场间的矛盾冲突，常用于描述公开争论或复杂局面。,第四十八组 看法一致与否,,17,,
546,见仁见智,对同一事物或问题，不同的人因立场、角度或认知差异会产生不同的理解和看法。强调观点的主观性和多样性，常用于表达对分歧的包容态度。,第四十八组 看法一致与否,,17,,
547,众望所归,意思是用于形容某人威望很高，受到大家敬仰和信赖。,第四十八组 看法一致与否,,17,,
548,人心所向,意思指的是人民群众所拥护的、向往的事物或者方向。,第四十八组 看法一致与否,,17,,
549,不负众望,意思是指为人所信服，很争气，不辜负大家的期望。,第四十八组 看法一致与否,,17,,
550,不浮众望,孚：信服。不能使群众信服。,第四十八组 看法一致与否,,17,,
551,以偏概全,以：用；偏：片面；概：概括；全：全部。用片面的观点看待整体间题,第四十九组 从细节看全貌,,18,,
552,一孔之见,从一个小孔里看到的事物。比喻片面的观点见解。多谦称自己的看法。,第四十九组 从细节看全貌,,18,,
553,管窥蠡测,管：竹管。窥：从孔隙中看。蠡：瓠瓢。测：测量。管中视天，以瓢量海水，喻眼光狭小，见识不广或不自量力。（中性词，侧重整体与部分对比）,第四十九组 从细节看全貌,,18,,
554,盲人摸象,比喻看问题不全面，以偏概全。（现更多用字面义，形容做一件事毫无头绪地摸索）,第四十九组 从细节看全貌,,18,,
555,管中窥豹,管：竹管。从管中看豹。比喻见识狭小，看不到全面。（也可以比喻只看事物的一部分而推测全貌一最近多用，中性词，侧重整体与部分对比）,第四十九组 从细节看全貌,,18,,
556,坐井观天,比喻眼界不开阔，见识不广。,第四十九组 从细节看全貌,,18,,
557,一叶障目,眼睛被一片树叶挡住，指看不到事物的全貌。,第四十九组 从细节看全貌,,18,,
558,断章取义,引用他人文章或谈话，只截取其中一段的意思，而不顾全文和原意。,第四十九组 从细节看全貌,,18,,
559,一叶知秋,看见一片落叶，就知道秋天将临。比喻发现一点预兆就知道事物将来的发展趋向。也作“落叶知秋”“叶落知秋”。（侧重从预兆推知未来,第四十九组 从细节看全貌,,18,,
560,以小见大,从小的可以看出大的，指通过小事可以看出大节，或通过一小部分看出整体。侧重大小对比）微：小，指事物微小的迹象。著：显明，指事物的发展。谓看到事物的苗头，就能知道它,第四十九组 从细节看全貌,,18,,
561,见微知著,的未来发展趋势和实质。同“睹微知著”。（侧重大小对比）,第四十九组 从细节看全貌,,18,,
562,远见卓识,解释为有远大的眼光和卓越的见解。,第五十组 看事情透彻,,18,,
563,真知灼见,灼：明白，透彻。指正确而透彻的认识，高明的见解。,第五十组 看事情透彻,,18,,
564,鞭辟入里,形容做学问切实。今多形容分析问题透彻，切中要害。,第五十组 看事情透彻,,18,,
565,一针见血,意思是比喻说话直截了当，切中要害。,第五十组 看事情透彻,,18,,
566,一语中的,意思是指一句话就说中要害，一句话就说清了事情的重点。,第五十组 看事情透彻,,18,,
567,一语成谶,-句不好的话说中了，“不幸而言中”。,第五十组 看事情透彻,,18,,
568,字字珠玑,比喻说话或文章的词句非常优美，就像每个字都是珍贵的珍珠一样。,第五十组 看事情透彻,,18,,
569,洞若观火,洞：透彻。指清楚得就像看火一样，形容观察事物透彻分明。,第五十组 看事情透彻,,18,,
570,明察秋毫,明：视觉敏锐。察：看。秋毫：鸟兽秋天新长出的细毛。本义为视力好到能查辨秋天鸟兽的细毛。后多形容人精明，目光敏锐，能洞察一切。,第五十组 看事情透彻,,18,,
571,一目了然,一目：看一眼。了然：清楚，明白。一眼就可以看清楚。（侧重看得清楚）,第五十组 看事情透彻,,18,,
572,一览无余,（侧重看的全）览：看。余：剩余。形容一下子就可以看清楚。同“一览无遗”“一览而尽”。,第五十组 看事情透彻,,18,,
573,大有可为,比喻指前途极有希望，值得去做。,第五十一组对事情的态度与评价,,18,,
574,无可厚非,意为不可过分指责，表示虽有缺点，但是可以理解或原谅。也说未可厚非。,第五十一组对事情的态度与评价,,18,,
575,无可非议,意思是没有什么可以指责的，表示言行合乎情理。可用来形容人、事、思想、行动、品质等。差：尚，稍微。强：振奋。还算能振奋心意。形容大致上还能够令人满意。,第五十一组对事情的态度与评价,,18,,
576,差强人意,（现多误用，辨析词义,第五十一组对事情的态度与评价,,18,,
577,敬而远之,；表示尊敬却有所顾虑不愿接近。,第五十一组对事情的态度与评价,,18,,
578,毋庸讳言,意思是指用不着隐讳，可以直说的内容。毋庸指不用。,第五十一组对事情的态度与评价,,18,,
579,缄口不言,缄：封闭；言：说话。封住嘴巴；不开口说话。,第五十一组对事情的态度与评价,,18,,
580,乏善可陈,善：良好成绩；陈：陈述，告诉。意思是没有什么好的可以称道的。,第五十一组对事情的态度与评价,,18,,
581,凤毛麟角,风毛：风凰的毛。麟角：麒麟的角。比喻珍贵而稀少的人或事物。,第五十二组 数量多与少,,18,,
582,寥寥无几,寥寥：很少。很少，没有几个。形容数量极少。,第五十二组 数量多与少,,18,,
583,屈指可数,屈指：弯着手指头计算数日。弯着手指就可以数出来。形容数目很少。,第五十二组 数量多与少,,19,,
584,寥若晨星,稀少得好像清晨的星星一样。形容很少。,第五十二组 数量多与少,,19,,
585,车载斗量,能用车载，能用斗量，比喻数量多，不可胜数，多指不足为奇，很常见,第五十二组 数量多与少,,19,,
586,不胜枚举,【多用于形容举例子、枚举时）胜：尽。枚：量词，个。举：列举。不能够一个一个地全部列举出来。形容数量很多。,第五十二组 数量多与少,,19,,
587,俯拾皆是,形容到处都有，很容易取得。,第五十二组 数量多与少,,19,,
588,数不胜数,数：计算。胜：尽。形容数量极多，数也数不完。不是一事一物能够使之满足的。后也用来形容所说的事物或现象不止一种，而是很多，,第五十二组 数量多与少,,19,,
589,不一而足,不能一一列举。,第五十二组 数量多与少,,19,,
590,五花八门,原指五行阵和八门阵。这是古代两种战术变化很多的阵势。比喻变化多端或花样繁多。,第五十二组 数量多与少,,19,,
591,包罗万象,包罗：包括；万象：宇宙间的一切景象，指各种事物。形容内容丰富，应有尽有。,第五十二组 数量多与少,,19,,
592,林林总总,•林林：众多的样子；总总：众多而杂乱的样子。形容众多。,第五十二组 数量多与少,,19,,
593,汗牛充栋,充：装满。栋：栋宇，房屋。形容藏书或者著作极多。,第五十二组 数量多与少,,19,,
594,浩如烟海,【（多指书籍、文献等）浩：广大。烟海：雾气弥漫的大海。形容事物数量繁多，极其丰富。,第五十二组 数量多与少,,19,,
595,卷帙浩繁,形容书籍很多或一部书的篇幅很长。,第五十二组 数量多与少,,19,,
596,错落有致,意思是形容事物的布局虽然参差不齐，但却极有情趣，使人看了有好感,第五十三组建筑相关,,19,,
597,鳞次栉比,鳞：鱼鳞。次：次序。栉：梳子和篦子的总称。比：排列。像鱼鳞或梳篦的齿那样紧密地排列着。形容建筑物等密集、排列整齐的样子。,第五十三组建筑相关,,19,,
598,星罗棋布,意思是像天空中的星星和棋盘上的棋子一样罗列、分布着。形容数量众多，散布的范围很广。,第五十三组建筑相关,,19,,
599,美轮美奂,多用于形容建筑物雄伟壮观，富丽堂皇；也用来形容雕刻或建筑艺术的精美效果。,第五十三组建筑相关,,19,,
600,富丽堂皇,形容建筑物宏伟豪华。,第五十三组建筑相关,,19,,
601,雕梁画柱,彩绘装饰得十分华丽的房屋。,第五十三组建筑相关,,19,,
602,如出一辙,辙：车辙。好像出自同一车辙。比喻两种事物非常相似。（或两种以上事物）,第五十四组 相同与不同,,19,,
603,大同小异,指事物大体相同，略有差异。,第五十四组 相同与不同,,19,,
604,千篇一律,一千篇文章都一个样。指文章公式化。也比喻办事按一个格式，非常机械。,第五十四组 相同与不同,,19,,
605,不约而同,原意是事先没有约定而一齐前来会合。后用来指没有事先商量约定而彼此的看法或言行相同。（侧重行为上）,第五十四组 相同与不同,,19,,
606,不谋而合,【侧重思想上）谋：商量；合：相同。事先没有商量而彼此的做法或意见却相同。也作“不谋而同”。,第五十四组 相同与不同,,19,,
607,殊途同归,不同的；途：道路，途径；归：趋向。从不同的道路，走到同一个目的地。比喻采取不同的方法而得到相同的结果。,第五十四组 相同与不同,,19,,
608,异曲同工,曲：曲调。工：工巧，精致。比喻不同人的文艺作品同样精彩。也比喻不同的做法有同样的好的效果。,第五十四组 相同与不同,,19,,
609,大相径庭,径：门外小路。庭：厅堂前得院子。指彼此相差很远或截然不同。泾、滑：甘肃、陕西境内的两条河。古人认为泾水清、渭水浊。泾水流入渭水时，清浊,第五十四组 相同与不同,,19,,
610,泾渭分明,不混。比喻界限清楚、是非分明。,第五十四组 相同与不同,,19,,
611,相去甚远,互相之间存在很大差异和距离。,第五十四组 相同与不同,,19,,
612,判若云泥,意思是高低差别就像天上的云彩和地下的泥土那样悬殊。,第五十四组 相同与不同,,19,,
613,天壤之别,1指高天和平地的区别。极言差别之大。,第五十四组 相同与不同,,19,,
614,不分轩轻,意思是不分高下、轻重。比喻对待二者的态度或看法差不多。,第五十四组 相同与不同,,19,,
615,伯仲之间,伯伸，兄弟排行的次第，伯是老大，伸是老二；间，中间。比喻差不多，难分优劣。,第五十四组 相同与不同,,19,,
616,各有千秋,千秋：千年，指久远。各自有其可以长久流传的价值。也比喻各有各的优点和特色。,第五十四组 相同与不同,,20,,
617,平分秋色,原指昼和夜平均分占秋天景色。后比喻双方各得一半。也比喻两方平手，不分上下。庭：庭院。抗：对等。客人与主人分立在庭的两侧，以平等的地位相对行礼。后用来比,第五十四组 相同与不同,,20,,
618,分庭抗礼,喻彼此地位或势力相等，平起平坐或互相对立。,第五十四组 相同与不同,,20,,
619,巧夺天工,夺：压倒，胜过。人工的精巧胜过天然。形容技艺精妙高超。,第五十五组 技艺精湛,,20,,
620,精雕细琢,精心细致地雕刻琢磨。形容做事仔细用心。多指艺术品的创作。,第五十五组 技艺精湛,,20,,
621,鬼斧神工,形容技艺高超神妙。同“神工鬼斧”。（侧重非人工的）,第五十五组 技艺精湛,,20,,
622,精益求精,原意是已经很精致了，还要更加精致。精：完美，好；益：更加。比喻已经很好还求更好。,第五十五组 技艺精湛,,20,,
623,炉火纯青,意思是认为炼到炉里发出纯青色的火焰就算成功了，后用来比喻功夫达到了纯熟完美的境界。,第五十五组 技艺精湛,,20,,
624,登堂入室,堂、室：古代宫室前为堂后为室。比喻学识由浅入深，逐步达到很高的成就。同“升堂入室”。,第五十五组 技艺精湛,,20,,
625,登峰造极,意思是登上顶峰，指到达最高点；比喻学问、技艺等已达到最高的境界,第五十五组 技艺精湛,,20,,
626,目无全牛,比喻技艺熟练到了得心应手的境界。,第五十五组 技艺精湛,,20,,
627,得心应手,得心：指摸索到规律；应：适应。谓心手相应，运用自如。形容技艺纯熟，心手相应，或学识融会贯通。,第五十五组 技艺精湛,,20,,
628,粗制滥造,意思是写文章或做东西马虎草率，只求数量，不顾质量。,第五十五组 技艺精湛,,20,,
629,蔚为大观,种盛大的印象。蔚：茂盛；大观：盛大的景象。发展成为盛大壮观的景象。形容事物美好繁多，给人一,第五十六组 与观看欣赏相关,,20,,
630,洋洋大观,洋洋：盛大、众多的样子；大观：丰富多采的景象。形容美好的事物众多丰盛。,第五十六组 与观看欣赏相关,,20,,
631,琳琅满目,琳琅：美玉。所见皆美玉。比喻杰出人才、好文章或精美物品很多。（多形容商品）,第五十六组 与观看欣赏相关,,20,,
632,引人入胜,引：吸引。胜：胜地。带人进入风景优美的地方。形容风景、作品很吸引人。,第五十六组 与观看欣赏相关,,20,,
633,叹沩观止,叹：赞叹。观止：看到这里就停止，不再看别的了，称赞所看的事物尽善尽美。赞美所看到的事物好到了极点。,第五十六组 与观看欣赏相关,,20,,
634,赏心悦目,悦目：看了舒服。指看到美好的景色而心情愉快。,第五十六组 与观看欣赏相关,,20,,
635,目不暇接,暇：空闲。接：接触。眼睛来不及看。形容吸引人的事物很多，看不过来。（主语是人,第五十六组 与观看欣赏相关,,20,,
636,眼花缭乱,缭乱：纷乱。因看到繁杂的事物而感到迷乱。（主语是人）,第五十六组 与观看欣赏相关,,20,,
637,心向往之,对某个人或事物心里很向往。,第五十六组 与观看欣赏相关,,20,,
638,心驰神往,驰：奔驰。心神奔向所向往的事物。形容一心向往。,第五十六组 与观看欣赏相关,,20,,
639,魂牵梦萦,在梦魂中还牵挂萦绕着。形容思念深切，无法排遣。,第五十六组 与观看欣赏相关,,20,,
640,侃侃而谈,容，也可以形容一个人善于交谈、风度翩翩。（褒义词）“侃侃”指理直气壮，从容不迫。该成语可以表示一个人在说话时表现出的自信和从,第五十七组 “说”相关,,20,,
641,高谈阔论,指漫无边际地大发言论。（多含贬义）,第五十七组 “说”相关,,20,,
642,夸夸其谈,说话或写文章浮夸、不切实际。,第五十七组 “说”相关,,20,,
643,口若悬河,“悬河”指瀑布。意为说话滔滔不绝，像河水倾泄一样，形容能说善辩，话语不断。,第五十七组 “说”相关,,20,,
644,巧舌如簧,意思是舌头灵巧，能言善辩，形容能说会道，善于狡辩。,第五十七组 “说”相关,,20,,
645,巧言令色,用来形容那些擅长使用花言巧语和伪善的面容来取悦他人的人。（含贬义）,第五十七组 “说”相关,,20,,
646,娓娓道来,是一种说话的方式，意思是不紧不慢地、从容地讲述。,第五十七组 “说”相关,,20,,
647,信口雌黄,信：任凭，听任；雌黄：即鸡冠石，黄色矿物，用作颜料。古人用黄纸写字，写错了，用雌黄涂抹后改写。比喻不顾事实，随口乱说。,第五十七组 “说”相关,,20,,
648,人云亦云,云：说。人家怎么说，自己也跟着怎么说。指没有主见或创见。（侧重于说）,第五十七组 “说”相关,,21,,
649,拾人牙慧,拾：捡取。牙慧：指别人说过的话。比喻袭用他人的意见或言论。,第五十七组 “说”相关,,21,,
650,推心置腹,意思是把赤诚的心交给人家。比喻真心待人。,第五十七组 “说”相关,,21,,
651,开诚布公,开诚：敞开胸怀，表示诚意。布公：公正无私地发表自己的见解。表示坦白无私，真诚相待，能诚恳坦率地提出自己的看法。,第五十七组 “说”相关,,21,,
652,披肝沥胆,披：剖露。沥：滴下。露出肝脏，滴出胆汁。比喻对人对事非常忠诚。,第五十七组 “说”相关,,21,,
653,老调重弹,有新意。调：调子；曲调。陈旧的曲调重新弹奏。比喻已经说过的话再说过；也指说话或文章没,第五十七组 “说”相关,,21,,
654,陈词滥调,陈词：陈旧的不合实用的言词；滥：空泛；失真。陈旧、空泛、不切实际的论调。,第五十七组 “说”相关,,21,,
655,老生常谈,老书生经常讲的话。比喻听厌了的没有新鲜意思的话（也做中性）,第五十七组 “说”相关,,21,,
656,流口常谈,流：传播；口：人们的嘴巴；常：经常；谈：谈论。意为某个话题或某个人的事迹被人们广泛传播和谈论，成为大家经常谈论的对象,第五十七组 “说”相关,,21,,
657,绘声绘色,绘：描绘。形容描写、叙事生动逼真。同“绘声绘影”“绘影绘声”。,第五十八组“演”相关,,21,,
658,活灵活现,意思是形容神情逼真、传神，使人有亲眼所见的感觉。,第五十八组“演”相关,,21,,
659,惟妙惟肖,惟：语气助词。肖：相像。形容描写、模仿得非常逼真。,第五十八组“演”相关,,21,,
660,栩栩如生,栩栩：生动的样子。指艺术形象非常逼真，如同活的一样。,第五十八组“演”相关,,21,,
661,有声有色,形容说话或表演精彩生动。,第五十八组“演”相关,,21,,
662,一板一眼,比喻言语、行动有条理或合规矩。有时也比喻做事死板，不懂得灵活掌握。,第五十八组“演”相关,,21,,
663,此起彼伏,【多形容声音或事物接连不断出现）这里起来，那里落下。表示频繁地出现或产生。同“此起彼落”。缕：线。像一根细线那样连着，差一点儿就要断了。1.形容形势十分危急。2.形容声音微,第五十九组“听”相关,,21,,
664,不绝如缕,弱而悠长。（现在用法有改变，常被用来形容不断绝）,第五十九组“听”相关,,21,,
665,经久不息,经过长时间停不下来。,第五十九组“听”相关,,21,,
666,震耳欲聋,形容声音很大，耳朵都快震聋了。,第五十九组“听”相关,,21,,
667,人声鼎沸,鼎：古代煮食器；沸：沸腾。形容人群的声音吵吵嚷嚷，就象煮开了锅一样。沸：沸腾。反：翻转。盈：充满。像沸腾的水那样翻滚着，响声充满了空间。形容喧哗,第五十九组“听”相关,,21,,
668,沸反盈天,吵闹，一片混乱。（程度稍重）,第五十九组“听”相关,,21,,
669,笌云裂石,穿破云天，震裂石头。形容声音高亢嘹亮。,第五十九组“听”相关,,21,,
670,佶屈骜牙,佶屈：曲折；弊牙：不顺口。指文章读起来不顺口。,第六十组“写”相关,,21,,
671,入木三分,形容书法笔力强劲。后也比喻看问题精辟、深刻。（也可形容对人物的描写形象深刻）,第六十组“写”相关,,21,,
672,只言片语,简短零碎的话语、文字。形容语言文字数量极少。,第六十组“写”相关,,21,,
673,春秋笔法,即用笔曲折而意含褒贬的写作手法。,第六十组“写”相关,,21,,
674,皮里阳秋,藏在心里不说出来的言论，表面上不直接发表评论，但实际上内心有褒贬不同的看法。,第六十组“写”相关,,21,,
675,微言大义,意思是包含在精微语言里的深刻的道理。,第六十组“写”相关,,21,,
676,字斟句酌,用来形容人在写作或说话时的态度非常认真和细致，对于每一个字词和句子都会进行仔细地考虑和推敲。,第六十组“写”相关,,21,,
677,连篇累牍,形容篇幅过多，文词冗长。,第六十组“写”相关,,21,,
678,惜墨如全,意思是爱惜墨就像金子一样，指不轻易动笔。,第六十组“写”相关,,21,,
679,删繁就简,意思是去掉删除繁杂部分，使它趋于简明。,第六十组“写”相关,,21,,
680,形容表达,一气呵成 1.形容文章的气势首尾贯通。2.形容完成整个工作的过程中不间断，不松懈。,第六十组“写”相关,,21,,
681,倚马可待,倚靠着即将出征的战马起草文件，却可以立等完稿。形容文思敏捷，文章写得快。,第六十组“写”相关,,21,,
682,形容表达,一挥而就 就：完成。原义是一挥笔就能成功。指才思敏提，写字、作文或画画速度很快。,第六十组“写”相关,,22,,
683,文不加点,点：古人写文章在字的右上角涂一点，表示删去。文章不用涂改，一气写成。形容文思敏捷，写作技巧高超。,第六十组“写”相关,,22,,
684,身无长物,除自身外再没有多余的东西。形容贫穷。,第六十一组“钱”相关,,22,,
685,一文不名,形容人非常穷困，一文钱都没有。,第六十一组“钱”相关,,22,,
686,一穷二白,穷：指物质基础差；白：指文化和科学落后。比喻基础差，底子薄。,第六十一组“钱”相关,,22,,
687,积贫积弱,意思是长期积累的贫困衰弱，形容极度的贫困和弱小。或指以前的行为导致现在的衰弱局面。,第六十一组“钱”相关,,22,,
688,筚门圭窦,筚门：用竹条或树枝编成的门。圭窦：上尖下方的圭形的门洞。形容住室极其简陋。旧指穷人住处。,第六十一组“钱”相关,,22,,
689,桑枢瓮牖,枢：门上的转轴；瓮：简陋的窗户。用桑树做门轴，用瓦罐做窗户，比喻贫苦之家。,第六十一组“钱”相关,,22,,
690,肥马轻裘,裘：皮衣。骑肥壮的马，穿轻暖的皮衣。形容阔绰。,第六十一组“钱”相关,,22,,
691,钟鸣鼎食,钟：古代乐器；鼎：古代炊器。击钟列鼎而食。形容贵族的豪华排场。,第六十一组“钱”相关,,22,,
692,养尊处优,养：指生活。指生活在有人伺候、条件优裕的环境中。,第六十一组“钱”相关,,22,,
693,随遇而安,随：顺从。遇：境遇。安：安然。处在任何环境中，都能安然自得，感到满足。,第六十二组“心态”相关,,22,,
694,安之若素,素：平常。指身处逆境、遭到困难或遭受挫折时能泰然处之，跟平常一样。,第六十二组“心态”相关,,22,,
695,安贫乐道,道：主张，思想。安于贫穷，以坚持自己的信念为乐。旧时士大夫所主张的为人处世之道。,第六十二组“心态”相关,,22,,
696,泰然处之,泰然：安然，不以为意的样子；处：处理，对待。形容毫不在意，沉着镇定。,第六十二组“心态”相关,,22,,
697,从容不迫,从容：不慌不忙，很镇静；不迫：不急促。不慌不忙，沉着镇定。,第六十二组“心态”相关,,22,,
698,神色自若,外表神态自然，不显露紧张或慌乱，侧重于外在表情的平稳，不因外界影响而变化。,第六十二组“心态”相关,,22,,
699,无所适从,适：往。从：跟随。不知听从哪一个好。指不知该怎么办。（侧重面临选择）,第六十二组“心态”相关,,22,,
700,不知所措,措：处置，安排。不知道应该怎么办。,第六十二组“心态”相关,,22,,
701,寝食难安,形容放心不下眼前的事，焦急到了极点，都到了睡也睡不着，吃也吃不好的地步了。,第六十二组“心态”相关,,22,,
702,如坐针毡,像坐在插着针的毡子上。形容心神不定，坐立不安。,第六十二组“心态”相关,,22,,
703,如芒在背,如同芒刺扎于背上，形容焦躁的心情。,第六十二组“心态”相关,,22,,
704,手足无措,措：安放。手脚不知放到哪里才好。形容举止慌乱，或无法应对。,第六十二组“心态”相关,,22,,
705,杯弓蛇影,将映在酒杯里的弓影误认为蛇。比喻因疑神疑鬼而引起恐惧。,第六十二组“心态”相关,,22,,
706,噤若寒蝉,噤：闭口不作声。象深秋的蝉那样一声不吭。比喻因害怕有所顾虑而不敢说话。,第六十三组 顾忌和无所顾忌,,22,,
707,谈虎色变,色：脸色。比喻一提起可怕的事情，脸色就变了。,第六十三组 顾忌和无所顾忌,,22,,
708,畏首畏尾,形容做事胆小，多所猜忌顾虑，畏缩不前,第六十三组 顾忌和无所顾忌,,22,,
709,投鼠忌器,投：用东西去掷；忌：怕，有所顾虑。想用东西打老鼠，又怕打坏了近旁的器物。比喻做事有顾忌，不敢放手干。,第六十三组 顾忌和无所顾忌,,22,,
710,肆意妄为,为。亦作“肆意安行”。妄：胡乱，非分的，出了常规的。妄为：胡作非为。指不顾一切由着自己的性子胡作非,第六十三组 顾忌和无所顾忌,,22,,
711,肆无忌惮,肆：放肆。忌：顾忌。惮：惧怕。非常放肆，毫无顾忌和畏惧。,第六十三组 顾忌和无所顾忌,,22,,
712,按图索骥,索：寻找。骥：良马。照着图像去寻找良马。比喻做事死守教条，而不懂得变通。也比喻依据一定的线索去寻找事物。（中性词）,第六十四组 调查相关,,22,,
713,刨根问底,比喻追究底细。,第六十四组 调查相关,,22,,
714,顺藤摸瓜,摸：寻找。比喻按照某个线索查究事情。,第六十四组 调查相关,,22,,
715,披沙拣金,从大量数据中筛选有价值信息。,第六十四组 调查相关,,23,,
716,捕风捉影,比喻说话或做事时用似是而非的迹象做根据。,第六十四组 调查相关,,23,,
717,妄自菲薄,妄：不合理地，无根据地。菲薄：轻视，瞧不起。毫无根据地小看自己。形容自轻自贱。,第六十五组 自我评价不当,,23,,
718,自惭形秽,惭：惭愧。形：形象，模样。秽：邪恶，丑陋。因为自己模样丑陋而感到惭愧。也泛指自己觉得不如别人而感到惭愧。,第六十五组 自我评价不当,,23,,
719,自暴自弃,暴：损害。弃：抛弃。指自己糟蹋自己，自己看不起自己，甘心于落后。（程度较重）,第六十五组 自我评价不当,,23,,
720,自怨自艾,指悔恨。（埋怨自己）自怨：悔恨自己的错误。自艾：改正自己的错误。原指悔恨并且改正自己的错误，后多,第六十五组 自我评价不当,,23,,
721,怨天尤人,怨：怨恨。天：指命运。尤：责怪。指遇到挫折、麻烦时一味抱怨命运和别人，而不寻找自身的原因。（埋怨他人）,第六十五组 自我评价不当,,23,,
722,夜郎自大,夜郎：汉代时位于我国西南部的一个小国。比喻妄自尊大。,第六十五组 自我评价不当,,23,,
723,盛气凌人,盛气：骄横的气势。凌：欺负。指以骄横的气势欺负人。,第六十五组 自我评价不当,,23,,
724,弹冠相庆,弹冠：掸掉帽子上的灰尘。指即将做官而互相庆贺，多用于贬义。,第六十六组 近似成语,,23,,
725,额手相庆,额手：把手举到额头上。把手举到额头上互相庆贺。,第六十六组 近似成语,,23,,
726,优胜劣汰,指生物在生存竞争中适应力强的保存下来，适应力差的被淘汰。,第六十六组 近似成语,,23,,
727,弱肉强食,弱者的肉是强者的食物。比喻弱者被强者所欺凌、吞并等。（常用于形容竞争）,第六十六组 近似成语,,23,,
728,粉墨登场,粉墨：傅粉施墨，指化妆。场：戏场，舞台。化好妆登台演戏。也比喻登上政治舞台，含讥讽义。（字面义时为中性词，比喻义时为贬义词）,第六十六组 近似成语,,23,,
729,登堂入室,堂、室：古代宫室前为堂后为室。比喻学识由浅入深，逐步达到很高的成就。同“升堂入室”。,第六十六组 近似成语,,23,,
730,百家争鸣,比喻各种学术派别竞相争辩鸣放。,第六十六组 近似成语,,23,,
731,百家齐放,各色的鲜花一齐开放。后多比喻文艺上不同的形式和风格自由地发展。,第六十六组 近似成语,,23,,
732,耸人听闻,耸：惊动。指故意夸大或捏造事实，使人听后感到震惊。,第六十六组 近似成语,,23,,
733,骇人听闻,骇：震惊。使人听了非常吃惊、害怕。,第六十六组 近似成语,,23,,
734,不易之论,易：更改。指不可更改的言论。,第六十六组 近似成语,,23,,
735,不刊之论,刊：削，修改。不可改动或不可磨灭的言论。,第六十六组 近似成语,,23,,
736,朝乾夕惕,乾：乾乾，即自强不息；惕：小心谨慎。形容一天到晚勤奋谨慎，没有一点疏忽懈怠。,第六十六组 近似成语,,23,,
737,夕惕若厉,若：如；厉：危。朝夕戒惧，如临危境，不敢稍懈。,第六十六组 近似成语,,23,,
738,曲高和寡,曲：音乐曲调。局：高深。和：限着唱。意为曲调越高深，能跟着唱的人越少。比喻思想、言行、文艺作品等高深，不能为多数人所理解接受,第六十六组 近似成语,,23,,
739,阳春白雪,原为战国时楚国的深奥高雅的歌曲。后泛指高雅、不通俗的文学艺术。,第六十六组 近似成语,,23,,
740,戎马倥偬,戎马：本指战马，借指军事；倥偬：繁忙。形容军务繁忙。,第六十六组 近似成语,,23,,
741,厉兵秣马,厉：同“砺”，磨；兵：兵器；秣：喂牲口。磨好兵器，喂好马。形容准备战斗。,第六十六组 近似成语,,23,,
742,不容置喙,喙：嘴。不容许插嘴。,第六十六组 近似成语,,23,,
743,不容置疑,容：允许。不允许加以怀疑。指绝对真实可信。,第六十六组 近似成语,,23,,
744,移花接木,把枝条、嫩芽从一种花木嫁接到另一种花木上。比喻暗中更换。,第六十六组 近似成语,,24,,
745,偷梁换桂,比喻暗中耍手段改变事物内容，以假代真，以劣代优。,第六十六组 近似成语,,24,,
746,李代桃僵,李：李树。桃：桃树。僵：枯死。李树代桃树而死。比喻兄弟相爱相助，患难与共。也比喻以此代彼或代人受过。（多贬义）,第六十六组 近似成语,,24,,
747,张冠李戴,冠：帽子。比喻弄错了事实或对象。（主观上故意或者不故意）,第六十六组 近似成语,,24,,
748,渊浐岳峙,比喻人品德如渊水深沉，如高山耸立。,第六十七组 生僻成语,,24,,
749,不分珍域,珍域：范围，界限。不分界限、范围。也比喻不分彼此。,第六十七组 生僻成语,,24,,
750,毛举细故,毛：琐碎；细故：小事。指烦琐地列举小事情，加以责难或攻击。,第六十七组 生僻成语,,24,,
751,吉光片羽,1吉光：古代神话中的神兽名；片羽：一片毛。比喻残存的珍贵文物。,第六十七组 生僻成语,,24,,
752,钟灵毓秀,钟：凝聚，集中；毓：养育。凝聚了天地间的灵气，孕育着优秀的人物。指山川秀美，人才辈出。,第六十七组 生僻成语,,24,,
753,瑕瑜互见,见：通“现”，显现。比喻优点、缺点都有。,第六十七组 生僻成语,,24,,
754,沉思翰藻,构思深刻，辞藻华丽。,第六十七组 生僻成语,,24,,
755,太阿倒持,倒拿着剑，把剑柄给别人。比喻把大权交给别人，自己反受其害。,第六十七组 生僻成语,,24,,
